貸借対照表（特定金融業）,,,,,,,,,,,,,,,,,,,,,,
科目分類,標準ラベル（日本語）,冗長ラベル（日本語）,用途別ラベル（日本語）,業種ラベル（日本語）,連結,四半期個別,四半期連結,中間個別,中間連結,標準ラベル（英語）,用途別ラベル（英語）,業種ラベル（英語）,名前空間プレフィックス,要素名,type,enumerations,substitutionGroup,periodType,balance,abstract,nillable,depth
-,貸借対照表,貸借対照表、タイトル項目,,,連結貸借対照表[標準],四半期貸借対照表[標準],四半期連結貸借対照表[標準],中間貸借対照表[標準],中間連結貸借対照表[標準],Balance sheets,,,jpfr-t-cte,BalanceSheetsAbstract,xbrli:stringItemType,,xbrli:item,instant,,true,true,0
A,資産の部,資産の部、タイトル項目,,,,,,,,Assets,,,jpfr-t-cte,AssetsAbstract,xbrli:stringItemType,,xbrli:item,instant,,true,true,1
A,流動資産,流動資産、タイトル項目,,,,,,,,Current assets,,,jpfr-t-cte,CurrentAssetsAbstract,xbrli:stringItemType,,xbrli:item,instant,,true,true,2
A,現金及び預金,現金及び預金,,,,,,,,Cash and deposits,,,jpfr-t-cte,CashAndDeposits,xbrli:monetaryItemType,,xbrli:item,instant,debit,false,true,3
A,受取手形及び売掛金,受取手形及び売掛金,,,,,,,,Notes and accounts receivable-trade,,,jpfr-t-cte,NotesAndAccountsReceivableTrade,xbrli:monetaryItemType,,xbrli:item,instant,debit,false,true,3
A,貸倒引当金,貸倒引当金、受取手形及び売掛金,,,,,,,,Allowance for doubtful accounts,,,jpfr-t-cte,AllowanceForDoubtfulAccountsNotesAndAccountsReceivableTrade,xbrli:monetaryItemType,,xbrli:item,instant,debit,false,true,4
A,受取手形及び売掛金（純額）,受取手形及び売掛金（純額）,,,,,,,,"Notes and accounts receivable-trade, net",,,jpfr-t-cte,NotesAndAccountsReceivableTradeNet,xbrli:monetaryItemType,,xbrli:item,instant,debit,false,true,4
A,受取手形,受取手形,,,,,,,,Notes receivable-trade,,,jpfr-t-cte,NotesReceivableTrade,xbrli:monetaryItemType,,xbrli:item,instant,debit,false,true,3
A,貸倒引当金,貸倒引当金、受取手形,,,,,,,,Allowance for doubtful accounts,,,jpfr-t-cte,AllowanceForDoubtfulAccountsNotesReceivableTrade,xbrli:monetaryItemType,,xbrli:item,instant,debit,false,true,4
A,受取手形（純額）,受取手形（純額）,,,,,,,,"Notes receivable-trade, net",,,jpfr-t-cte,NotesReceivableTradeNet,xbrli:monetaryItemType,,xbrli:item,instant,debit,false,true,4
A,営業貸付金,営業貸付金、流動資産、特定金融業,,,,,,,,Accounts receivable-operating loans,,,jpfr-t-spf,AccountsReceivableOperatingLoansCASPF,xbrli:monetaryItemType,,xbrli:item,instant,debit,false,true,3
B,貸倒引当金,貸倒引当金、営業貸付金、特定金融業,,,,,,,,Allowance for accounts receivable-operating loans,,,jpfr-t-spf,AllowanceForAccountsReceivableOperatingLoansSPF,xbrli:monetaryItemType,,xbrli:item,instant,debit,false,true,4
B,営業貸付金（純額）,営業貸付金（純額）、流動資産、特定金融業,,,,,,,,"Accounts receivable, net-operating loans",,,jpfr-t-spf,AccountsReceivableNetOperatingLoansCASPF,xbrli:monetaryItemType,,xbrli:item,instant,debit,false,true,4
A,割賦売掛金,割賦売掛金,,,,,,,,Accounts receivable-installment,,,jpfr-t-cte,AccountsReceivableInstallment,xbrli:monetaryItemType,,xbrli:item,instant,debit,false,true,3
A,有価証券,有価証券,,,,,,,,Securities,,,jpfr-t-cte,ShortTermInvestmentSecurities,xbrli:monetaryItemType,,xbrli:item,instant,debit,false,true,3
A,たな卸資産,たな卸資産,,,,,,,,Inventories,,,jpfr-t-cte,Inventories,xbrli:monetaryItemType,,xbrli:item,instant,debit,false,true,3
A,前渡金,前渡金,,,,,,,,Advance payments-trade,,,jpfr-t-cte,AdvancePaymentsTrade,xbrli:monetaryItemType,,xbrli:item,instant,debit,false,true,3
A,前払費用,前払費用,,,,,,,,Prepaid expenses,,,jpfr-t-cte,PrepaidExpenses,xbrli:monetaryItemType,,xbrli:item,instant,debit,false,true,3
A,繰延税金資産,繰延税金資産、流動資産,,,,,,,,Deferred tax assets,,,jpfr-t-cte,DeferredTaxAssetsCA,xbrli:monetaryItemType,,xbrli:item,instant,debit,false,true,3
A,未収収益,未収収益,,,,,,,,Accrued income,,,jpfr-t-cte,AccruedIncome,xbrli:monetaryItemType,,xbrli:item,instant,debit,false,true,3
A,短期貸付金,短期貸付金,,,,,,,,Short-term loans receivable,,,jpfr-t-cte,ShortTermLoansReceivable,xbrli:monetaryItemType,,xbrli:item,instant,debit,false,true,3
B,未収営業貸付金利息,未収営業貸付金利息、流動資産、特定金融業,,,,,,,,Accrued interest of operating loans,,,jpfr-t-spf,AccruedInterestOfOperatingLoansCASPF,xbrli:monetaryItemType,,xbrli:item,instant,debit,false,true,3
A,その他,その他、流動資産,,その他の流動資産[標準|業],,,,,,Other,,Other[標準|業],jpfr-t-cte,OtherCA,xbrli:monetaryItemType,,xbrli:item,instant,debit,false,true,3
A,貸倒引当金,貸倒引当金、流動資産、一括控除,,,,,,,,Allowance for doubtful accounts,,,jpfr-t-cte,AllowanceForDoubtfulAccountsCA,xbrli:monetaryItemType,,xbrli:item,instant,debit,false,true,3
A,流動資産,流動資産,流動資産合計[合計],,,,,,,Current assets,Total current assets[合計],,jpfr-t-cte,CurrentAssets,xbrli:monetaryItemType,,xbrli:item,instant,debit,false,true,3
A,固定資産,固定資産、タイトル項目,,,,,,,,Noncurrent assets,,,jpfr-t-cte,NoncurrentAssetsAbstract,xbrli:stringItemType,,xbrli:item,instant,,true,true,2
A,有形固定資産,有形固定資産、タイトル項目,,,,,,,,"Property, plant and equipment",,,jpfr-t-cte,PropertyPlantAndEquipmentAbstract,xbrli:stringItemType,,xbrli:item,instant,,true,true,3
A,建物及び構築物,建物及び構築物,,,,,,,,Buildings and structures,,,jpfr-t-cte,BuildingsAndStructures,xbrli:monetaryItemType,,xbrli:item,instant,debit,false,true,4
A,減価償却累計額,減価償却累計額、建物及び構築物,,,,,,,,Accumulated depreciation,,,jpfr-t-cte,AccumulatedDepreciationBuildingsAndStructures,xbrli:monetaryItemType,,xbrli:item,instant,debit,false,true,5
A,減損損失累計額,減損損失累計額、建物及び構築物,,,,,,,,Accumulated impairment loss,,,jpfr-t-cte,AccumulatedImpairmentLossBuildingsAndStructures,xbrli:monetaryItemType,,xbrli:item,instant,debit,false,true,5
A,減価償却累計額及び減損損失累計額,減価償却累計額及び減損損失累計額、建物及び構築物,,,,,,,,Accumulated depreciation and impairment loss,,,jpfr-t-cte,AccumulatedDepreciationAndImpairmentLossBuildingsAndStructures,xbrli:monetaryItemType,,xbrli:item,instant,debit,false,true,5
A,建物及び構築物（純額）,建物及び構築物（純額）,,,,,,,,"Buildings and structures, net",,,jpfr-t-cte,BuildingsAndStructuresNet,xbrli:monetaryItemType,,xbrli:item,instant,debit,false,true,5
A,車両運搬具,車両運搬具,,,,,,,,Vehicles,,,jpfr-t-cte,Vehicles,xbrli:monetaryItemType,,xbrli:item,instant,debit,false,true,4
A,減価償却累計額,減価償却累計額、車両運搬具,,,,,,,,Accumulated depreciation,,,jpfr-t-cte,AccumulatedDepreciationVehicles,xbrli:monetaryItemType,,xbrli:item,instant,debit,false,true,5
A,減損損失累計額,減損損失累計額、車両運搬具,,,,,,,,Accumulated impairment loss,,,jpfr-t-cte,AccumulatedImpairmentLossVehicles,xbrli:monetaryItemType,,xbrli:item,instant,debit,false,true,5
A,減価償却累計額及び減損損失累計額,減価償却累計額及び減損損失累計額、車両運搬具,,,,,,,,Accumulated depreciation and impairment loss,,,jpfr-t-cte,AccumulatedDepreciationAndImpairmentLossVehicles,xbrli:monetaryItemType,,xbrli:item,instant,debit,false,true,5
A,車両運搬具（純額）,車両運搬具（純額）,,,,,,,,"Vehicles, net",,,jpfr-t-cte,VehiclesNet,xbrli:monetaryItemType,,xbrli:item,instant,debit,false,true,5
A,建物,建物,,,,,,,,Buildings,,,jpfr-t-cte,Buildings,xbrli:monetaryItemType,,xbrli:item,instant,debit,false,true,4
A,減価償却累計額,減価償却累計額、建物,,,,,,,,Accumulated depreciation,,,jpfr-t-cte,AccumulatedDepreciationBuildings,xbrli:monetaryItemType,,xbrli:item,instant,debit,false,true,5
A,減損損失累計額,減損損失累計額、建物,,,,,,,,Accumulated impairment loss,,,jpfr-t-cte,AccumulatedImpairmentLossBuildings,xbrli:monetaryItemType,,xbrli:item,instant,debit,false,true,5
A,減価償却累計額及び減損損失累計額,減価償却累計額及び減損損失累計額、建物,,,,,,,,Accumulated depreciation and impairment loss,,,jpfr-t-cte,AccumulatedDepreciationAndImpairmentLossBuildings,xbrli:monetaryItemType,,xbrli:item,instant,debit,false,true,5
A,建物（純額）,建物（純額）,,,,,,,,"Buildings, net",,,jpfr-t-cte,BuildingsNet,xbrli:monetaryItemType,,xbrli:item,instant,debit,false,true,5
A,構築物,構築物,,,,,,,,Structures,,,jpfr-t-cte,Structures,xbrli:monetaryItemType,,xbrli:item,instant,debit,false,true,4
A,減価償却累計額,減価償却累計額、構築物,,,,,,,,Accumulated depreciation,,,jpfr-t-cte,AccumulatedDepreciationStructures,xbrli:monetaryItemType,,xbrli:item,instant,debit,false,true,5
A,減損損失累計額,減損損失累計額、構築物,,,,,,,,Accumulated impairment loss,,,jpfr-t-cte,AccumulatedImpairmentLossStructures,xbrli:monetaryItemType,,xbrli:item,instant,debit,false,true,5
A,減価償却累計額及び減損損失累計額,減価償却累計額及び減損損失累計額、構築物,,,,,,,,Accumulated depreciation and impairment loss,,,jpfr-t-cte,AccumulatedDepreciationAndImpairmentLossStructures,xbrli:monetaryItemType,,xbrli:item,instant,debit,false,true,5
A,構築物（純額）,構築物（純額）,,,,,,,,"Structures, net",,,jpfr-t-cte,StructuresNet,xbrli:monetaryItemType,,xbrli:item,instant,debit,false,true,5
A,器具備品,器具備品、有形固定資産、特定金融業,,,器具及び備品[標準],,器具及び備品[標準],,器具及び備品[標準],Equipment,,,jpfr-t-spf,EquipmentPPESPF,xbrli:monetaryItemType,,xbrli:item,instant,debit,false,true,4
A,減価償却累計額,減価償却累計額、器具備品、特定金融業,,,,,,,,Accumulated depreciation,,,jpfr-t-spf,AccumulatedDepreciationEquipmentSPF,xbrli:monetaryItemType,,xbrli:item,instant,debit,false,true,5
B,減損損失累計額,減損損失累計額、器具備品、特定金融業,,,,,,,,Accumulated impairment loss,,,jpfr-t-spf,AccumulatedImpairmentLossEquipmentSPF,xbrli:monetaryItemType,,xbrli:item,instant,debit,false,true,5
B,減価償却累計額及び減損損失累計額,減価償却累計額及び減損損失累計額、器具備品、特定金融業,,,,,,,,Accumulated depreciation and impairment loss,,,jpfr-t-spf,AccumulatedDepreciationAndImpairmentLossEquipmentSPF,xbrli:monetaryItemType,,xbrli:item,instant,debit,false,true,5
A,器具備品（純額）,器具備品（純額）、有形固定資産、特定金融業,,,,,,,,"Equipment, net",,,jpfr-t-spf,EquipmentNetPPESPF,xbrli:monetaryItemType,,xbrli:item,instant,debit,false,true,5
A,土地,土地,,,,,,,,Land,,,jpfr-t-cte,Land,xbrli:monetaryItemType,,xbrli:item,instant,debit,false,true,4
A,建設仮勘定,建設仮勘定,,,,,,,,Construction in progress,,,jpfr-t-cte,ConstructionInProgress,xbrli:monetaryItemType,,xbrli:item,instant,debit,false,true,4
A,減価償却累計額,減価償却累計額、有形固定資産、一括控除,,,,,,,,Accumulated depreciation,,,jpfr-t-cte,AccumulatedDepreciationPPEByGroup,xbrli:monetaryItemType,,xbrli:item,instant,debit,false,true,4
A,減損損失累計額,減損損失累計額、有形固定資産、一括控除,,,,,,,,Accumulated impairment loss,,,jpfr-t-cte,AccumulatedImpairmentLossPPEByGroup,xbrli:monetaryItemType,,xbrli:item,instant,debit,false,true,4
A,減価償却累計額及び減損損失累計額,減価償却累計額及び減損損失累計額、有形固定資産、一括控除,,,,,,,,Accumulated depreciation and impairment loss,,,jpfr-t-cte,AccumulatedDepreciationAndImpairmentLossPPEByGroup,xbrli:monetaryItemType,,xbrli:item,instant,debit,false,true,4
A,有形固定資産,有形固定資産,有形固定資産合計[合計],,,,,,,"Property, plant and equipment","Total property, plant and equipment[合計]",,jpfr-t-cte,PropertyPlantAndEquipment,xbrli:monetaryItemType,,xbrli:item,instant,debit,false,true,4
A,無形固定資産,無形固定資産、タイトル項目,,,,,,,,Intangible assets,,,jpfr-t-cte,IntangibleAssetsAbstract,xbrli:stringItemType,,xbrli:item,instant,,true,true,3
A,のれん,のれん,,,,,,,,Goodwill,,,jpfr-t-cte,Goodwill,xbrli:monetaryItemType,,xbrli:item,instant,debit,false,true,4
A,ソフトウエア,ソフトウエア,,,,,,,,Software,,,jpfr-t-cte,Software,xbrli:monetaryItemType,,xbrli:item,instant,debit,false,true,4
A,電話加入権,電話加入権,,,,,,,,Telephone subscription right,,,jpfr-t-cte,TelephoneSubscriptionRight,xbrli:monetaryItemType,,xbrli:item,instant,debit,false,true,4
A,その他,その他、無形固定資産,,その他の無形固定資産[標準|業],,,,,,Other,,Other[標準|業],jpfr-t-cte,OtherIA,xbrli:monetaryItemType,,xbrli:item,instant,debit,false,true,4
A,無形固定資産,無形固定資産,無形固定資産合計[合計],,,,,,,Intangible assets,Total intangible assets[合計],,jpfr-t-cte,IntangibleAssets,xbrli:monetaryItemType,,xbrli:item,instant,debit,false,true,4
A,投資その他の資産,投資その他の資産、タイトル項目,,,,,,,,Investments and other assets,,,jpfr-t-cte,InvestmentsAndOtherAssetsAbstract,xbrli:stringItemType,,xbrli:item,instant,,true,true,3
A,投資有価証券,投資有価証券,,,,,,,,Investment securities,,,jpfr-t-cte,InvestmentSecurities,xbrli:monetaryItemType,,xbrli:item,instant,debit,false,true,4
A,関係会社株式,関係会社株式,,,,,,,,Stocks of subsidiaries and affiliates,,,jpfr-t-cte,StocksOfSubsidiariesAndAffiliates,xbrli:monetaryItemType,,xbrli:item,instant,debit,false,true,4
A,出資金,出資金,,,,,,,,Investments in capital,,,jpfr-t-cte,InvestmentsInCapital,xbrli:monetaryItemType,,xbrli:item,instant,debit,false,true,4
A,長期貸付金,長期貸付金,,,,,,,,Long-term loans receivable,,,jpfr-t-cte,LongTermLoansReceivable,xbrli:monetaryItemType,,xbrli:item,instant,debit,false,true,4
A,破産更生債権等,破産更生債権等,,,,,,,,"Claims provable in bankruptcy, claims provable in rehabilitation and other",,,jpfr-t-cte,ClaimsProvableInBankruptcyClaimsProvableInRehabilitationAndOther,xbrli:monetaryItemType,,xbrli:item,instant,debit,false,true,4
A,長期前払費用,長期前払費用,,,,,,,,Long-term prepaid expenses,,,jpfr-t-cte,LongTermPrepaidExpenses,xbrli:monetaryItemType,,xbrli:item,instant,debit,false,true,4
A,繰延税金資産,繰延税金資産、投資その他の資産,,,,,,,,Deferred tax assets,,,jpfr-t-cte,DeferredTaxAssetsIOA,xbrli:monetaryItemType,,xbrli:item,instant,debit,false,true,4
A,差入保証金,差入保証金、投資その他の資産,,,,,,,,Guarantee deposits,,,jpfr-t-cte,GuaranteeDepositsIOA,xbrli:monetaryItemType,,xbrli:item,instant,debit,false,true,4
A,その他,その他、投資その他の資産,,その他の投資[標準|業],,,,,,Other,,Other[標準|業],jpfr-t-cte,OtherIOA,xbrli:monetaryItemType,,xbrli:item,instant,debit,false,true,4
A,貸倒引当金,貸倒引当金、投資その他の資産、一括控除,,,,,,,,Allowance for doubtful accounts,,,jpfr-t-cte,AllowanceForDoubtfulAccountsIOAByGroup,xbrli:monetaryItemType,,xbrli:item,instant,debit,false,true,4
A,投資その他の資産,投資その他の資産,投資その他の資産合計[合計],,,,,,,Investments and other assets,Total investments and other assets[合計],,jpfr-t-cte,InvestmentsAndOtherAssets,xbrli:monetaryItemType,,xbrli:item,instant,debit,false,true,4
A,固定資産,固定資産,固定資産合計[合計],,,,,,,Noncurrent assets,Total noncurrent assets[合計],,jpfr-t-cte,NoncurrentAssets,xbrli:monetaryItemType,,xbrli:item,instant,debit,false,true,3
A,繰延資産,繰延資産、タイトル項目,,,,,,,,Deferred assets,,,jpfr-t-cte,DeferredAssetsAbstract,xbrli:stringItemType,,xbrli:item,instant,,true,true,2
A,繰延資産,繰延資産,繰延資産合計[合計],,,,,,,Deferred assets,Total deferred assets[合計],,jpfr-t-cte,DeferredAssets,xbrli:monetaryItemType,,xbrli:item,instant,debit,false,true,3
A,資産,資産,資産合計[合計],,,,,,,Assets,Total assets[合計],,jpfr-t-cte,Assets,xbrli:monetaryItemType,,xbrli:item,instant,debit,false,true,2
A,負債の部,負債の部、タイトル項目,,,,,,,,Liabilities,,,jpfr-t-cte,LiabilitiesAbstract,xbrli:stringItemType,,xbrli:item,instant,,true,true,1
A,流動負債,流動負債、タイトル項目,,,,,,,,Current liabilities,,,jpfr-t-cte,CurrentLiabilitiesAbstract,xbrli:stringItemType,,xbrli:item,instant,,true,true,2
A,支払手形及び買掛金,支払手形及び買掛金,,,,,,,,Notes and accounts payable-trade,,,jpfr-t-cte,NotesAndAccountsPayableTrade,xbrli:monetaryItemType,,xbrli:item,instant,credit,false,true,3
A,支払手形,支払手形,,,,,,,,Notes payable-trade,,,jpfr-t-cte,NotesPayableTrade,xbrli:monetaryItemType,,xbrli:item,instant,credit,false,true,3
A,買掛金,買掛金,,,,,,,,Accounts payable-trade,,,jpfr-t-cte,AccountsPayableTrade,xbrli:monetaryItemType,,xbrli:item,instant,credit,false,true,3
A,短期借入金,短期借入金,,,,,,,,Short-term loans payable,,,jpfr-t-cte,ShortTermLoansPayable,xbrli:monetaryItemType,,xbrli:item,instant,credit,false,true,3
A,1年内返済予定の長期借入金,1年内返済予定の長期借入金,,1年以内返済予定の長期借入金[標準|業],,,,,,Current portion of long-term loans payable,,Current portion of long-term loans payable[標準|業],jpfr-t-cte,CurrentPortionOfLongTermLoansPayable,xbrli:monetaryItemType,,xbrli:item,instant,credit,false,true,3
A,1年内償還予定の社債,1年内償還予定の社債,,1年以内償還予定の社債[標準|業],,,,,,Current portion of bonds,,Current portion of bonds[標準|業],jpfr-t-cte,CurrentPortionOfBonds,xbrli:monetaryItemType,,xbrli:item,instant,credit,false,true,3
A,未払金,未払金,,,,,,,,Accounts payable-other,,,jpfr-t-cte,AccountsPayableOther,xbrli:monetaryItemType,,xbrli:item,instant,credit,false,true,3
A,未払費用,未払費用,,,,,,,,Accrued expenses,,,jpfr-t-cte,AccruedExpenses,xbrli:monetaryItemType,,xbrli:item,instant,credit,false,true,3
A,未払法人税等,未払法人税等,,,,,,,,Income taxes payable,,,jpfr-t-cte,IncomeTaxesPayable,xbrli:monetaryItemType,,xbrli:item,instant,credit,false,true,3
A,繰延税金負債,繰延税金負債、流動負債,,,,,,,,Deferred tax liabilities,,,jpfr-t-cte,DeferredTaxLiabilitiesCL,xbrli:monetaryItemType,,xbrli:item,instant,credit,false,true,3
A,預り金,預り金,,,,,,,,Deposits received,,,jpfr-t-cte,DepositsReceived,xbrli:monetaryItemType,,xbrli:item,instant,credit,false,true,3
A,前受収益,前受収益,,,,,,,,Unearned revenue,,,jpfr-t-cte,UnearnedRevenue,xbrli:monetaryItemType,,xbrli:item,instant,credit,false,true,3
A,賞与引当金,賞与引当金,,,,,,,,Provision for bonuses,,,jpfr-t-cte,ProvisionForBonuses,xbrli:monetaryItemType,,xbrli:item,instant,credit,false,true,3
A,利息返還損失引当金,利息返還損失引当金、流動負債、特定金融業,,,,,,,,Provision for loss on interest repayment,,,jpfr-t-spf,ProvisionForLossOnInterestRepaymentCLSPF,xbrli:monetaryItemType,,xbrli:item,instant,credit,false,true,3
A,その他,その他、流動負債,,その他の流動負債[標準|業],,,,,,Other,,Other[標準|業],jpfr-t-cte,OtherCL,xbrli:monetaryItemType,,xbrli:item,instant,credit,false,true,3
A,流動負債,流動負債,流動負債合計[合計],,,,,,,Current liabilities,Total current liabilities[合計],,jpfr-t-cte,CurrentLiabilities,xbrli:monetaryItemType,,xbrli:item,instant,credit,false,true,3
A,固定負債,固定負債、タイトル項目,,,,,,,,Noncurrent liabilities,,,jpfr-t-cte,NoncurrentLiabilitiesAbstract,xbrli:stringItemType,,xbrli:item,instant,,true,true,2
A,社債,社債,,,,,,,,Bonds payable,,,jpfr-t-cte,BondsPayable,xbrli:monetaryItemType,,xbrli:item,instant,credit,false,true,3
A,長期借入金,長期借入金,,,,,,,,Long-term loans payable,,,jpfr-t-cte,LongTermLoansPayable,xbrli:monetaryItemType,,xbrli:item,instant,credit,false,true,3
A,繰延税金負債,繰延税金負債、固定負債,,,,,,,,Deferred tax liabilities,,,jpfr-t-cte,DeferredTaxLiabilitiesNCL,xbrli:monetaryItemType,,xbrli:item,instant,credit,false,true,3
A,利息返還損失引当金,利息返還損失引当金、固定負債、特定金融業,,,,,,,,Provision for loss on interest repayment,,,jpfr-t-spf,ProvisionForLossOnInterestRepaymentNCLSPF,xbrli:monetaryItemType,,xbrli:item,instant,credit,false,true,3
A,退職給付引当金,退職給付引当金,,,,,,,,Provision for retirement benefits,,,jpfr-t-cte,ProvisionForRetirementBenefits,xbrli:monetaryItemType,,xbrli:item,instant,credit,false,true,3
A,役員退職慰労引当金,役員退職慰労引当金,,,,,,,,Provision for directors' retirement benefits,,,jpfr-t-cte,ProvisionForDirectorsRetirementBenefits,xbrli:monetaryItemType,,xbrli:item,instant,credit,false,true,3
A,長期預り保証金,長期預り保証金,,預り保証金[標準|業],,,,,,Long-term guarantee deposited,,Long-term guarantee deposits received[標準|業],jpfr-t-cte,LongTermGuaranteeDeposited,xbrli:monetaryItemType,,xbrli:item,instant,credit,false,true,3
B,負ののれん,負ののれん,,,,,,,,Negative goodwill,,,jpfr-t-cte,NegativeGoodwill,xbrli:monetaryItemType,,xbrli:item,instant,credit,false,true,3
A,その他,その他、固定負債,,その他の固定負債[標準|業],,,,,,Other,,Other[標準|業],jpfr-t-cte,OtherNCL,xbrli:monetaryItemType,,xbrli:item,instant,credit,false,true,3
A,固定負債,固定負債,固定負債合計[合計],,,,,,,Noncurrent liabilities,Total noncurrent liabilities[合計],,jpfr-t-cte,NoncurrentLiabilities,xbrli:monetaryItemType,,xbrli:item,instant,credit,false,true,3
A,負債,負債,負債合計[合計],,,,,,,Liabilities,Total liabilities[合計],,jpfr-t-cte,Liabilities,xbrli:monetaryItemType,,xbrli:item,instant,credit,false,true,2
A,純資産の部,純資産の部、タイトル項目,,,,,,,,Net assets,,,jpfr-t-cte,NetAssetsAbstract,xbrli:stringItemType,,xbrli:item,instant,,true,true,1
A,株主資本,株主資本、タイトル項目,,,,,,,,Shareholders' equity,,,jpfr-t-cte,ShareholdersEquityAbstract,xbrli:stringItemType,,xbrli:item,instant,,true,true,2
A,資本金,資本金,"当期首残高[期首]
当期末残高[期末]",,,,,"資本金[標準]
当期首残高[期首]
当中間期末残高[期末]","資本金[標準]
当期首残高[期首]
当中間期末残高[期末]",Capital stock,"Balance at the beginning of current period[期首]
Balance at the end of current period[期末]",,jpfr-t-cte,CapitalStock,xbrli:monetaryItemType,,xbrli:item,instant,credit,false,true,3
A,新株式申込証拠金,新株式申込証拠金,"当期首残高[期首]
当期末残高[期末]",,,,,"新株式申込証拠金[標準]
当期首残高[期首]
当中間期末残高[期末]","新株式申込証拠金[標準]
当期首残高[期首]
当中間期末残高[期末]",Deposit for subscriptions to shares,"Balance at the beginning of current period[期首]
Balance at the end of current period[期末]",,jpfr-t-cte,DepositForSubscriptionsToShares,xbrli:monetaryItemType,,xbrli:item,instant,credit,false,true,3
A,資本剰余金,資本剰余金、タイトル項目,,,,,,,,Capital surplus,,,jpfr-t-cte,CapitalSurplusAbstract,xbrli:stringItemType,,xbrli:item,instant,,true,true,3
A,資本準備金,資本準備金,"当期首残高[期首]
当期末残高[期末]",,,,,"資本準備金[標準]
当期首残高[期首]
当中間期末残高[期末]",,Legal capital surplus,"Balance at the beginning of current period[期首]
Balance at the end of current period[期末]",,jpfr-t-cte,LegalCapitalSurplus,xbrli:monetaryItemType,,xbrli:item,instant,credit,false,true,4
A,その他資本剰余金,その他資本剰余金,"その他資本剰余金合計[合計]
当期首残高[期首]
当期末残高[期末]",,,,,"その他資本剰余金[標準]
当期首残高[期首]
当中間期末残高[期末]",,Other capital surplus,"Total other capital surplus[合計]
Balance at the beginning of current period[期首]
Balance at the end of current period[期末]",,jpfr-t-cte,OtherCapitalSurplus,xbrli:monetaryItemType,,xbrli:item,instant,credit,false,true,4
A,資本剰余金,資本剰余金,"資本剰余金合計[合計]
当期首残高[期首]
当期末残高[期末]",,,,,"資本剰余金[標準]
当期首残高[期首]
当中間期末残高[期末]","資本剰余金[標準]
当期首残高[期首]
当中間期末残高[期末]",Capital surplus,"Total capital surpluses[合計]
Balance at the beginning of current period[期首]
Balance at the end of current period[期末]",,jpfr-t-cte,CapitalSurplus,xbrli:monetaryItemType,,xbrli:item,instant,credit,false,true,4
A,利益剰余金,利益剰余金、タイトル項目,,,,,,,,Retained earnings,,,jpfr-t-cte,RetainedEarningsAbstract,xbrli:stringItemType,,xbrli:item,instant,,true,true,3
A,利益準備金,利益準備金,"当期首残高[期首]
当期末残高[期末]",,,,,"利益準備金[標準]
当期首残高[期首]
当中間期末残高[期末]",,Legal retained earnings,"Balance at the beginning of current period[期首]
Balance at the end of current period[期末]",,jpfr-t-cte,LegalRetainedEarnings,xbrli:monetaryItemType,,xbrli:item,instant,credit,false,true,4
A,その他利益剰余金,その他利益剰余金、タイトル項目,,,,,,,,Other retained earnings,,,jpfr-t-cte,OtherRetainedEarningsAbstract,xbrli:stringItemType,,xbrli:item,instant,,true,true,4
A,繰越利益剰余金,繰越利益剰余金,"当期首残高[期首]
当期末残高[期末]",,,,,"繰越利益剰余金[標準]
当期首残高[期首]
当中間期末残高[期末]",,Retained earnings brought forward,"Balance at the beginning of current period[期首]
Balance at the end of current period[期末]",,jpfr-t-cte,RetainedEarningsBroughtForward,xbrli:monetaryItemType,,xbrli:item,instant,credit,false,true,5
A,利益剰余金,利益剰余金,"利益剰余金合計[合計]
当期首残高[期首]
当期末残高[期末]",,,,,"利益剰余金[標準]
当期首残高[期首]
当中間期末残高[期末]","利益剰余金[標準]
当期首残高[期首]
当中間期末残高[期末]",Retained earnings,"Total retained earnings[合計]
Balance at the beginning of current period[期首]
Balance at the end of current period[期末]",,jpfr-t-cte,RetainedEarnings,xbrli:monetaryItemType,,xbrli:item,instant,credit,false,true,4
A,自己株式,自己株式,"当期首残高[期首]
当期末残高[期末]",,,,,"自己株式[標準]
当期首残高[期首]
当中間期末残高[期末]","自己株式[標準]
当期首残高[期首]
当中間期末残高[期末]",Treasury stock,"Balance at the beginning of current period[期首]
Balance at the end of current period[期末]",,jpfr-t-cte,TreasuryStock,xbrli:monetaryItemType,,xbrli:item,instant,credit,false,true,3
A,自己株式申込証拠金,自己株式申込証拠金,"当期首残高[期首]
当期末残高[期末]",,,,,"自己株式申込証拠金[標準]
当期首残高[期首]
当中間期末残高[期末]","自己株式申込証拠金[標準]
当期首残高[期首]
当中間期末残高[期末]",Deposit for subscriptions to treasury stock,"Balance at the beginning of current period[期首]
Balance at the end of current period[期末]",,jpfr-t-cte,DepositForSubscriptionsToTreasuryStock,xbrli:monetaryItemType,,xbrli:item,instant,credit,false,true,3
A,株主資本,株主資本,"株主資本合計[合計]
当期首残高[期首]
当期末残高[期末]",,,,,"株主資本[標準]
当期首残高[期首]
当中間期末残高[期末]","株主資本[標準]
当期首残高[期首]
当中間期末残高[期末]",Shareholders' equity,"Total shareholders' equity[合計]
Balance at the beginning of current period[期首]
Balance at the end of current period[期末]",,jpfr-t-cte,ShareholdersEquity,xbrli:monetaryItemType,,xbrli:item,instant,credit,false,true,3
A,評価・換算差額等,評価・換算差額等、タイトル項目,,,その他の包括利益累計額[標準],,その他の包括利益累計額[標準],,その他の包括利益累計額[標準],Valuation and translation adjustments,,,jpfr-t-cte,ValuationAndTranslationAdjustmentsAbstract,xbrli:stringItemType,,xbrli:item,instant,,true,true,2
A,その他有価証券評価差額金,その他有価証券評価差額金,"当期首残高[期首]
当期末残高[期末]",,,,,"その他有価証券評価差額金[標準]
当期首残高[期首]
当中間期末残高[期末]","その他有価証券評価差額金[標準]
当期首残高[期首]
当中間期末残高[期末]",Valuation difference on available-for-sale securities,"Balance at the beginning of current period[期首]
Balance at the end of current period[期末]",,jpfr-t-cte,ValuationDifferenceOnAvailableForSaleSecurities,xbrli:monetaryItemType,,xbrli:item,instant,credit,false,true,3
A,繰延ヘッジ損益,繰延ヘッジ損益,"当期首残高[期首]
当期末残高[期末]",,,,,"繰延ヘッジ損益[標準]
当期首残高[期首]
当中間期末残高[期末]","繰延ヘッジ損益[標準]
当期首残高[期首]
当中間期末残高[期末]",Deferred gains or losses on hedges,"Balance at the beginning of current period[期首]
Balance at the end of current period[期末]",,jpfr-t-cte,DeferredGainsOrLossesOnHedges,xbrli:monetaryItemType,,xbrli:item,instant,credit,false,true,3
A,土地再評価差額金,土地再評価差額金,"当期首残高[期首]
当期末残高[期末]",,,,,"土地再評価差額金[標準]
当期首残高[期首]
当中間期末残高[期末]","土地再評価差額金[標準]
当期首残高[期首]
当中間期末残高[期末]",Revaluation reserve for land,"Balance at the beginning of current period[期首]
Balance at the end of current period[期末]",,jpfr-t-cte,RevaluationReserveForLand,xbrli:monetaryItemType,,xbrli:item,instant,credit,false,true,3
A,為替換算調整勘定,為替換算調整勘定,"当期首残高[期首]
当期末残高[期末]",,,,,,"為替換算調整勘定[標準]
当期首残高[期首]
当中間期末残高[期末]",Foreign currency translation adjustment,"Balance at the beginning of current period[期首]
Balance at the end of current period[期末]",,jpfr-t-cte,ForeignCurrencyTranslationAdjustment,xbrli:monetaryItemType,,xbrli:item,instant,credit,false,true,3
A,評価・換算差額等,評価・換算差額等,"評価・換算差額等合計[合計]
当期首残高[期首]
当期末残高[期末]",,"その他の包括利益累計額[標準]
その他の包括利益累計額合計[合計]",,"その他の包括利益累計額[標準]
その他の包括利益累計額合計[合計]","評価・換算差額等[標準]
当期首残高[期首]
当中間期末残高[期末]","その他の包括利益累計額[標準]
その他の包括利益累計額合計[合計]
当期首残高[期首]
当中間期末残高[期末]",Valuation and translation adjustments,"Total valuation and translation adjustments[合計]
Balance at the beginning of current period[期首]
Balance at the end of current period[期末]",,jpfr-t-cte,ValuationAndTranslationAdjustments,xbrli:monetaryItemType,,xbrli:item,instant,credit,false,true,3
A,新株予約権,新株予約権,"当期首残高[期首]
当期末残高[期末]",,,,,"新株予約権[標準]
当期首残高[期首]
当中間期末残高[期末]","新株予約権[標準]
当期首残高[期首]
当中間期末残高[期末]",Subscription rights to shares,"Balance at the beginning of current period[期首]
Balance at the end of current period[期末]",,jpfr-t-cte,SubscriptionRightsToShares,xbrli:monetaryItemType,,xbrli:item,instant,credit,false,true,2
A,自己新株予約権,自己新株予約権,"当期首残高[期首]
当期末残高[期末]",,,,,"自己新株予約権[標準]
当期首残高[期首]
当中間期末残高[期末]","自己新株予約権[標準]
当期首残高[期首]
当中間期末残高[期末]",Treasury subscription rights to shares,"Balance at the beginning of current period[期首]
Balance at the end of current period[期末]",,jpfr-t-cte,TreasurySubscriptionRightsToShares,xbrli:monetaryItemType,,xbrli:item,instant,credit,false,true,2
A,少数株主持分,少数株主持分,"当期首残高[期首]
当期末残高[期末]",,,,,,"少数株主持分[標準]
当期首残高[期首]
当中間期末残高[期末]",Minority interests,"Balance at the beginning of current period[期首]
Balance at the end of current period[期末]",,jpfr-t-cte,MinorityInterests,xbrli:monetaryItemType,,xbrli:item,instant,credit,false,true,2
A,純資産,純資産,"純資産合計[合計]
当期首残高[期首]
当期末残高[期末]",,,,,"純資産[標準]
当期首残高[期首]
当中間期末残高[期末]","純資産[標準]
当期首残高[期首]
当中間期末残高[期末]",Net assets,"Total net assets[合計]
Balance at the beginning of current period[期首]
Balance at the end of current period[期末]",,jpfr-t-cte,NetAssets,xbrli:monetaryItemType,,xbrli:item,instant,credit,false,true,2
A,負債純資産,負債純資産,負債純資産合計[合計],,,,,,,Liabilities and net assets,Total liabilities and net assets[合計],,jpfr-t-cte,LiabilitiesAndNetAssets,xbrli:monetaryItemType,,xbrli:item,instant,credit,false,true,1
,,,,,,,,,,,,,,,,,,,,,,
損益計算書（特定金融業）,,,,,,,,,,,,,,,,,,,,,,
科目分類,標準ラベル（日本語）,冗長ラベル（日本語）,用途別ラベル（日本語）,業種ラベル（日本語）,連結,四半期個別,四半期連結,中間個別,中間連結,標準ラベル（英語）,用途別ラベル（英語）,業種ラベル（英語）,名前空間プレフィックス,要素名,type,enumerations,substitutionGroup,periodType,balance,abstract,nillable,depth
-,損益計算書,損益（及び包括利益）計算書、タイトル項目,,,連結損益（及び包括利益）計算書[標準],四半期損益計算書[標準],四半期連結損益（及び包括利益）計算書[標準],中間損益計算書[標準],中間連結損益（及び包括利益）計算書[標準],Statements of income,,,jpfr-t-cte,StatementsOfIncomeAbstract,xbrli:stringItemType,,xbrli:item,duration,,true,true,0
A,営業収益,営業収益、タイトル項目、特定金融業,,,,,,,,Operating revenue,,,jpfr-t-spf,OperatingRevenueAbstractSPF,xbrli:stringItemType,,xbrli:item,duration,,true,true,1
A,営業貸付金利息,営業貸付金利息、特定金融業,,,,,,,,Interest on operating loans,,,jpfr-t-spf,InterestOnOperatingLoansSPF,xbrli:monetaryItemType,,xbrli:item,duration,credit,false,true,2
A,その他の金融収益,その他の金融収益、タイトル項目、特定金融業,,,,,,,,Other financial revenue,,,jpfr-t-spf,OtherFinancialRevenueAbstractSPF,xbrli:stringItemType,,xbrli:item,duration,,true,true,2
A,預金利息,預金利息、営業収益、特定金融業,,,,,,,,Interest on deposits,,,jpfr-t-spf,InterestOnDepositsORSPF,xbrli:monetaryItemType,,xbrli:item,duration,credit,false,true,3
A,有価証券利息,有価証券利息、営業収益、特定金融業,,,,,,,,Interest on securities,,,jpfr-t-spf,InterestOnSecuritiesORSPF,xbrli:monetaryItemType,,xbrli:item,duration,credit,false,true,3
A,貸付金利息,貸付金利息、営業収益、特定金融業,,,,,,,,Interest on loans,,,jpfr-t-spf,InterestOnLoansORSPF,xbrli:monetaryItemType,,xbrli:item,duration,credit,false,true,3
A,受取配当金,受取配当金、営業収益、特定金融業,,,,,,,,Dividends income,,,jpfr-t-spf,DividendsIncomeORSPF,xbrli:monetaryItemType,,xbrli:item,duration,credit,false,true,3
A,その他,その他、その他の金融収益、特定金融業,,,,,,,,Other,,,jpfr-t-spf,OtherOtherFinancialRevenueSPF,xbrli:monetaryItemType,,xbrli:item,duration,credit,false,true,3
A,その他の金融収益,その他の金融収益、特定金融業,その他の金融収益計[合計],,,,,,,Other financial revenue,Total other financial revenue[合計],,jpfr-t-spf,OtherFinancialRevenueSPF,xbrli:monetaryItemType,,xbrli:item,duration,credit,false,true,3
A,償却債権取立益,償却債権取立益、営業収益、特定金融業,,,,,,,,Gain on bad debts recovered,,,jpfr-t-spf,GainOnBadDebtsRecoveredORSPF,xbrli:monetaryItemType,,xbrli:item,duration,credit,false,true,2
A,その他の営業収益,その他の営業収益、特定金融業,,,,,,,,Other operating revenue,,,jpfr-t-spf,OtherOperatingRevenueSPF,xbrli:monetaryItemType,,xbrli:item,duration,credit,false,true,2
A,営業収益,営業収益、特定金融業,営業収益合計[合計],,,,,,,Operating revenue,Total operating revenue[合計],,jpfr-t-spf,OperatingRevenueSPF,xbrli:monetaryItemType,,xbrli:item,duration,credit,false,true,2
A,営業費用,営業費用、タイトル項目、特定金融業,,,,,,,,Operating expenses,,,jpfr-t-spf,OperatingExpensesAbstractSPF,xbrli:stringItemType,,xbrli:item,duration,,true,true,1
A,金融費用,金融費用、タイトル項目、特定金融業,,,,,,,,Financial expenses,,,jpfr-t-spf,FinancialExpensesAbstractSPF,xbrli:stringItemType,,xbrli:item,duration,,true,true,2
A,支払利息,支払利息、営業費用、特定金融業,,,,,,,,Interest expenses,,,jpfr-t-spf,InterestExpensesOESPF,xbrli:monetaryItemType,,xbrli:item,duration,debit,false,true,3
A,社債利息,社債利息、営業費用、特定金融業,,,,,,,,Interest on bonds,,,jpfr-t-spf,InterestOnBondsOESPF,xbrli:monetaryItemType,,xbrli:item,duration,debit,false,true,3
A,社債発行費償却,社債発行費償却、営業費用、特定金融業,,,,,,,,Amortization of bond issuance cost,,,jpfr-t-spf,AmortizationOfBondIssuanceCostOESPF,xbrli:monetaryItemType,,xbrli:item,duration,debit,false,true,3
A,CP利息,CP利息、営業費用、特定金融業,,,,,,,,Interest on commercial papers,,,jpfr-t-spf,InterestOnCommercialPapersOESPF,xbrli:monetaryItemType,,xbrli:item,duration,debit,false,true,3
A,支払保証料,支払保証料、営業費用、特定金融業,,,,,,,,Guarantee commission,,,jpfr-t-spf,GuaranteeCommissionOESPF,xbrli:monetaryItemType,,xbrli:item,duration,debit,false,true,3
A,その他,その他、金融費用、特定金融業,,,,,,,,Other,,,jpfr-t-spf,OtherFinancialExpensesSPF,xbrli:monetaryItemType,,xbrli:item,duration,debit,false,true,3
A,金融費用,金融費用、特定金融業,金融費用計[合計],,,,,,,Financial expenses,Total financial expenses[合計],,jpfr-t-spf,FinancialExpensesSPF,xbrli:monetaryItemType,,xbrli:item,duration,debit,false,true,3
A,その他の営業費用,その他の営業費用、タイトル項目、特定金融業,,,,,,,,Other operating expenses,,,jpfr-t-spf,OtherOperatingExpensesAbstractSPF,xbrli:stringItemType,,xbrli:item,duration,,true,true,2
A,広告宣伝費,広告宣伝費、販売費及び一般管理費、特定金融業,,,,,,,,Advertising expenses,,,jpfr-t-spf,AdvertisingExpensesSGASPF,xbrli:monetaryItemType,,xbrli:item,duration,debit,false,true,3
A,貸倒引当金繰入額,貸倒引当金繰入額、販売費及び一般管理費,,,,,,,,Provision of allowance for doubtful accounts,,,jpfr-t-cte,ProvisionOfAllowanceForDoubtfulAccountsSGA,xbrli:monetaryItemType,,xbrli:item,duration,debit,false,true,3
A,利息返還損失引当金繰入額,利息返還損失引当金繰入額、営業費用、特定金融業,,,,,,,,Provision for loss on interest repayment,,,jpfr-t-spf,ProvisionForLossOnInterestRepaymentOESPF,xbrli:monetaryItemType,,xbrli:item,duration,debit,false,true,3
A,貸倒損失,貸倒損失、販売費及び一般管理費,,,,,,,,Bad debts expenses,,,jpfr-t-cte,BadDebtsExpensesSGA,xbrli:monetaryItemType,,xbrli:item,duration,debit,false,true,3
A,従業員給与手当賞与,従業員給与手当賞与、営業費用、特定金融業,,,,,,,,Employees' salaries and bonuses,,,jpfr-t-spf,EmployeesSalariesAndBonusesOESPF,xbrli:monetaryItemType,,xbrli:item,duration,debit,false,true,3
A,賞与引当金繰入額,賞与引当金繰入額、営業費用、特定金融業,,,,,,,,Provision for bonuses,,,jpfr-t-spf,ProvisionForBonusesOESPF,xbrli:monetaryItemType,,xbrli:item,duration,debit,false,true,3
A,役員退職慰労引当金繰入額,役員退職慰労引当金繰入額、販売費及び一般管理費,,,,,,,,Provision for directors' retirement benefits,,,jpfr-t-cte,ProvisionForDirectorsRetirementBenefitsSGA,xbrli:monetaryItemType,,xbrli:item,duration,debit,false,true,3
A,福利厚生費,福利厚生費、営業費用、特定金融業,,,,,,,,Welfare expenses,,,jpfr-t-spf,WelfareExpensesOESPF,xbrli:monetaryItemType,,xbrli:item,duration,debit,false,true,3
A,賃借料,賃借料、営業費用、特定金融業,,,,,,,,Rent expenses,,,jpfr-t-spf,RentExpensesOESPF,xbrli:monetaryItemType,,xbrli:item,duration,debit,false,true,3
A,減価償却費,減価償却費、営業費用、特定金融業,,,,,,,,Depreciation,,,jpfr-t-spf,DepreciationOESPF,xbrli:monetaryItemType,,xbrli:item,duration,debit,false,true,3
A,支払手数料,支払手数料、営業費用、特定金融業,,,,,,,,Commission fee,,,jpfr-t-spf,CommissionFeeOESPF,xbrli:monetaryItemType,,xbrli:item,duration,debit,false,true,3
A,通信費,通信費、営業費用、特定金融業,,,,,,,,Communication expenses,,,jpfr-t-spf,CommunicationExpensesOESPF,xbrli:monetaryItemType,,xbrli:item,duration,debit,false,true,3
A,その他,その他、営業費用、特定金融業,,,,,,,,Other,,,jpfr-t-spf,OtherOESPF,xbrli:monetaryItemType,,xbrli:item,duration,debit,false,true,3
A,その他の営業費用,その他の営業費用、特定金融業,その他の営業費用計[合計],,,,,,,Other operating expenses,Total other operating expenses[合計],,jpfr-t-spf,OtherOperatingExpensesSPF,xbrli:monetaryItemType,,xbrli:item,duration,debit,false,true,3
A,営業費用,営業費用、特定金融業,営業費用合計[合計],,,,,,,Operating expenses,Total operating expenses[合計],,jpfr-t-spf,OperatingExpensesSPF,xbrli:monetaryItemType,,xbrli:item,duration,debit,false,true,2
A,営業利益,営業利益,"営業損失（△）[負値]
営業利益又は営業損失（△）[正負]",,,,,,,Operating income,"Operating loss[負値]
Operating income (loss)[正負]",,jpfr-t-cte,OperatingIncome,xbrli:monetaryItemType,,xbrli:item,duration,credit,false,true,1
A,営業外収益,営業外収益、タイトル項目,,,,,,,,Non-operating income,,,jpfr-t-cte,NonOperatingIncomeAbstract,xbrli:stringItemType,,xbrli:item,duration,,true,true,1
A,有価証券売却益,有価証券売却益、営業外収益,,,,,,,,Gain on sales of securities,,,jpfr-t-cte,GainOnSalesOfSecuritiesNOI,xbrli:monetaryItemType,,xbrli:item,duration,credit,false,true,2
B,負ののれん償却額,負ののれん償却額、営業外収益,,,,,,,,Amortization of negative goodwill,,,jpfr-t-cte,AmortizationOfNegativeGoodwillNOI,xbrli:monetaryItemType,,xbrli:item,duration,credit,false,true,2
A,その他,その他、営業外収益,,その他の営業外収益[標準|業],,,,,,Other,,Other[標準|業],jpfr-t-cte,OtherNOI,xbrli:monetaryItemType,,xbrli:item,duration,credit,false,true,2
A,営業外収益,営業外収益,営業外収益合計[合計],,,,,,,Non-operating income,Total non-operating income[合計],,jpfr-t-cte,NonOperatingIncome,xbrli:monetaryItemType,,xbrli:item,duration,credit,false,true,2
A,営業外費用,営業外費用、タイトル項目,,,,,,,,Non-operating expenses,,,jpfr-t-cte,NonOperatingExpensesAbstract,xbrli:stringItemType,,xbrli:item,duration,,true,true,1
A,有価証券売却損,有価証券売却損、営業外費用,,,,,,,,Loss on sales of securities,,,jpfr-t-cte,LossOnSalesOfSecuritiesNOE,xbrli:monetaryItemType,,xbrli:item,duration,debit,false,true,2
A,有価証券評価損,有価証券評価損、営業外費用,,,,,,,,Loss on valuation of securities,,,jpfr-t-cte,LossOnValuationOfSecuritiesNOE,xbrli:monetaryItemType,,xbrli:item,duration,debit,false,true,2
A,その他,その他、営業外費用,,その他の営業外費用[標準|業],,,,,,Other,,Other[標準|業],jpfr-t-cte,OtherNOE,xbrli:monetaryItemType,,xbrli:item,duration,debit,false,true,2
A,営業外費用,営業外費用,営業外費用合計[合計],,,,,,,Non-operating expenses,Total non-operating expenses[合計],,jpfr-t-cte,NonOperatingExpenses,xbrli:monetaryItemType,,xbrli:item,duration,debit,false,true,2
A,経常利益,経常利益,"経常損失（△）[負値]
経常利益又は経常損失（△）[正負]",,,,,,,Ordinary income,"Ordinary loss[負値]
Ordinary income (loss)[正負]",,jpfr-t-cte,OrdinaryIncome,xbrli:monetaryItemType,,xbrli:item,duration,credit,false,true,1
A,特別利益,特別利益、タイトル項目,,,,,,,,Extraordinary income,,,jpfr-t-cte,ExtraordinaryIncomeAbstract,xbrli:stringItemType,,xbrli:item,duration,,true,true,1
A,特別利益,特別利益,特別利益合計[合計],,,,,,,Extraordinary income,Total extraordinary income[合計],,jpfr-t-cte,ExtraordinaryIncome,xbrli:monetaryItemType,,xbrli:item,duration,credit,false,true,2
A,特別損失,特別損失、タイトル項目,,,,,,,,Extraordinary loss,,,jpfr-t-cte,ExtraordinaryLossAbstract,xbrli:stringItemType,,xbrli:item,duration,,true,true,1
A,特別損失,特別損失,特別損失合計[合計],,,,,,,Extraordinary loss,Total extraordinary losses[合計],,jpfr-t-cte,ExtraordinaryLoss,xbrli:monetaryItemType,,xbrli:item,duration,debit,false,true,2
A,税引前当期純利益,税引前当期純利益,"税引前当期純損失（△）[負値]
税引前当期純利益又は税引前当期純損失（△）[正負]",,"税金等調整前当期純利益[標準]
税金等調整前当期純損失（△）[負値]
税金等調整前当期純利益又は税金等調整前当期純損失（△）[正負]","税引前四半期純利益[標準]
税引前四半期純損失（△）[負値]
税引前四半期純利益又は税引前四半期純損失（△）[正負]","税金等調整前四半期純利益[標準]
税金等調整前四半期純損失（△）[負値]
税金等調整前四半期純利益又は税金等調整前四半期純損失（△）[正負]","税引前中間純利益[標準]
税引前中間純損失（△）[負値]
税引前中間純利益又は税引前中間純損失（△）[正負]","税金等調整前中間純利益[標準]
税金等調整前中間純損失（△）[負値]
税金等調整前中間純利益又は税金等調整前中間純損失（△）[正負]",Income before income taxes,"Loss before income taxes[負値]
Income (loss) before income taxes[正負]",,jpfr-t-cte,IncomeBeforeIncomeTaxes,xbrli:monetaryItemType,,xbrli:item,duration,credit,false,true,1
A,法人税等,法人税等,法人税等合計[合計],,,,,,,Income taxes,Total income taxes[合計],,jpfr-t-cte,IncomeTaxes,xbrli:monetaryItemType,,xbrli:item,duration,debit,false,true,1
A,法人税、住民税及び事業税,法人税、住民税及び事業税,,,,,,,,Income taxes-current,,,jpfr-t-cte,IncomeTaxesCurrent,xbrli:monetaryItemType,,xbrli:item,duration,debit,false,true,2
A,法人税等調整額,法人税等調整額,,,,,,,,Income taxes-deferred,,,jpfr-t-cte,IncomeTaxesDeferred,xbrli:monetaryItemType,,xbrli:item,duration,debit,false,true,2
A,少数株主損益調整前当期純利益,少数株主損益調整前当期純利益,"少数株主損益調整前当期純損失（△）[負値]
少数株主損益調整前当期純利益又は少数株主損益調整前当期純損失（△）[正負]",,,,"少数株主損益調整前四半期純利益[標準]
少数株主損益調整前四半期純損失（△）[負値]
少数株主損益調整前四半期純利益又は少数株主損益調整前四半期純損失（△）[正負]",,"少数株主損益調整前中間純利益[標準]
少数株主損益調整前中間純損失（△）[負値]
少数株主損益調整前中間純利益又は少数株主損益調整前中間純損失（△）[正負]",Income before minority interests,"Loss before minority interests[負値]
Income (loss) before minority interests[正負]",,jpfr-t-cte,IncomeBeforeMinorityInterests,xbrli:monetaryItemType,,xbrli:item,duration,credit,false,true,1
A,少数株主利益,少数株主利益,"少数株主損失（△）[負値]
少数株主利益又は少数株主損失（△）[正負]",,,,,,,Minority interests in income,"Minority interests in loss[負値]
Minority interests in income (loss)[正負]",,jpfr-t-cte,MinorityInterestsInIncome,xbrli:monetaryItemType,,xbrli:item,duration,debit,false,true,1
A,当期純利益,当期純利益,"当期純損失（△）[負値]
当期純利益又は当期純損失（△）[正負]",,,"四半期純利益[標準]
四半期純損失（△）[負値]
四半期純利益又は四半期純損失（△）[正負]","四半期純利益[標準]
四半期純損失（△）[負値]
四半期純利益又は四半期純損失（△）[正負]","中間純利益[標準]
中間純損失（△）[負値]
中間純利益又は中間純損失（△）[正負]","中間純利益[標準]
中間純損失（△）[負値]
中間純利益又は中間純損失（△）[正負]",Net income,"Net loss[負値]
Net income (loss)[正負]",,jpfr-t-cte,NetIncome,xbrli:monetaryItemType,,xbrli:item,duration,credit,false,true,1
,,,,,,,,,,,,,,,,,,,,,,
株主資本等変動計算書（特定金融業）,,,,,,,,,,,,,,,,,,,,,,
科目分類,標準ラベル（日本語）,冗長ラベル（日本語）,用途別ラベル（日本語）,業種ラベル（日本語）,連結,四半期個別,四半期連結,中間個別,中間連結,標準ラベル（英語）,用途別ラベル（英語）,業種ラベル（英語）,名前空間プレフィックス,要素名,type,enumerations,substitutionGroup,periodType,balance,abstract,nillable,depth
-,株主資本等変動計算書,株主資本等変動計算書、タイトル項目,,,連結株主資本等変動計算書[標準],,,中間株主資本等変動計算書[標準],中間連結株主資本等変動計算書[標準],Statements of changes in net assets,,,jpfr-t-cte,StatementsOfChangesInNetAssetsAbstract,xbrli:stringItemType,,xbrli:item,duration,,true,true,0
A,株主資本,株主資本、株主資本等変動計算書、タイトル項目,,,,,,,,Shareholders' equity,,,jpfr-t-cte,ShareholdersEquitySSAbstract,xbrli:stringItemType,,xbrli:item,duration,,true,true,1
A,資本金,資本金、株主資本等変動計算書、タイトル項目,,,,,,,,Capital stock,,,jpfr-t-cte,CapitalStockSSAbstract,xbrli:stringItemType,,xbrli:item,duration,,true,true,2
A,資本金,資本金,"当期首残高[期首]
当期末残高[期末]",,,,,"資本金[標準]
当期首残高[期首]
当中間期末残高[期末]","資本金[標準]
当期首残高[期首]
当中間期末残高[期末]",Capital stock,"Balance at the beginning of current period[期首]
Balance at the end of current period[期末]",,jpfr-t-cte,CapitalStock,xbrli:monetaryItemType,,xbrli:item,instant,credit,false,true,3
A,当期変動額,当期変動額、資本金、タイトル項目,,,,,,当中間期変動額[標準],当中間期変動額[標準],Changes of items during the period,,,jpfr-t-cte,ChangesOfItemsDuringThePeriodCAPAbstract,xbrli:stringItemType,,xbrli:item,duration,,true,true,3
A,資本剰余金,資本剰余金、株主資本等変動計算書、タイトル項目,,,,,,,,Capital surplus,,,jpfr-t-cte,CapitalSurplusSSAbstract,xbrli:stringItemType,,xbrli:item,duration,,true,true,2
A,資本準備金,資本準備金、株主資本等変動計算書、タイトル項目,,,,,,,,Legal capital surplus,,,jpfr-t-cte,LegalCapitalSurplusSSAbstract,xbrli:stringItemType,,xbrli:item,duration,,true,true,3
A,資本準備金,資本準備金,"当期首残高[期首]
当期末残高[期末]",,,,,"資本準備金[標準]
当期首残高[期首]
当中間期末残高[期末]",,Legal capital surplus,"Balance at the beginning of current period[期首]
Balance at the end of current period[期末]",,jpfr-t-cte,LegalCapitalSurplus,xbrli:monetaryItemType,,xbrli:item,instant,credit,false,true,4
A,当期変動額,当期変動額、資本準備金、タイトル項目,,,,,,当中間期変動額[標準],,Changes of items during the period,,,jpfr-t-cte,ChangesOfItemsDuringThePeriodLCSAbstract,xbrli:stringItemType,,xbrli:item,duration,,true,true,4
A,その他資本剰余金,その他資本剰余金、株主資本等変動計算書、タイトル項目,,,,,,,,Other capital surplus,,,jpfr-t-cte,OtherCapitalSurplusSSAbstract,xbrli:stringItemType,,xbrli:item,duration,,true,true,3
A,その他資本剰余金,その他資本剰余金,"その他資本剰余金合計[合計]
当期首残高[期首]
当期末残高[期末]",,,,,"その他資本剰余金[標準]
当期首残高[期首]
当中間期末残高[期末]",,Other capital surplus,"Total other capital surplus[合計]
Balance at the beginning of current period[期首]
Balance at the end of current period[期末]",,jpfr-t-cte,OtherCapitalSurplus,xbrli:monetaryItemType,,xbrli:item,instant,credit,false,true,4
A,当期変動額,当期変動額、その他資本剰余金、タイトル項目,,,,,,当中間期変動額[標準],,Changes of items during the period,,,jpfr-t-cte,ChangesOfItemsDuringThePeriodOCSAbstract,xbrli:stringItemType,,xbrli:item,duration,,true,true,4
A,資本剰余金合計,資本剰余金合計、株主資本等変動計算書、タイトル項目,資本剰余金合計[合計],,,,,,,Total capital surplus,Total capital surplus[合計],,jpfr-t-cte,TotalCapitalSurplusSSAbstract,xbrli:stringItemType,,xbrli:item,duration,,true,true,3
A,資本剰余金,資本剰余金,"資本剰余金合計[合計]
当期首残高[期首]
当期末残高[期末]",,,,,"資本剰余金[標準]
当期首残高[期首]
当中間期末残高[期末]","資本剰余金[標準]
当期首残高[期首]
当中間期末残高[期末]",Capital surplus,"Total capital surpluses[合計]
Balance at the beginning of current period[期首]
Balance at the end of current period[期末]",,jpfr-t-cte,CapitalSurplus,xbrli:monetaryItemType,,xbrli:item,instant,credit,false,true,4
A,当期変動額,当期変動額、資本剰余金、タイトル項目,,,,,,当中間期変動額[標準],当中間期変動額[標準],Changes of items during the period,,,jpfr-t-cte,ChangesOfItemsDuringThePeriodCSAbstract,xbrli:stringItemType,,xbrli:item,duration,,true,true,4
A,利益剰余金,利益剰余金、株主資本等変動計算書、タイトル項目,,,,,,,,Retained earnings,,,jpfr-t-cte,RetainedEarningsSSAbstract,xbrli:stringItemType,,xbrli:item,duration,,true,true,2
A,利益準備金,利益準備金、株主資本等変動計算書、タイトル項目,,,,,,,,Legal retained earnings,,,jpfr-t-cte,LegalRetainedEarningsSSAbstract,xbrli:stringItemType,,xbrli:item,duration,,true,true,3
A,利益準備金,利益準備金,"当期首残高[期首]
当期末残高[期末]",,,,,"利益準備金[標準]
当期首残高[期首]
当中間期末残高[期末]",,Legal retained earnings,"Balance at the beginning of current period[期首]
Balance at the end of current period[期末]",,jpfr-t-cte,LegalRetainedEarnings,xbrli:monetaryItemType,,xbrli:item,instant,credit,false,true,4
A,当期変動額,当期変動額、利益準備金、タイトル項目,,,,,,当中間期変動額[標準],,Changes of items during the period,,,jpfr-t-cte,ChangesOfItemsDuringThePeriodLREAbstract,xbrli:stringItemType,,xbrli:item,duration,,true,true,4
A,その他利益剰余金,その他利益剰余金、株主資本等変動計算書、タイトル項目,,,,,,,,Other retained earnings,,,jpfr-t-cte,OtherRetainedEarningsSSAbstract,xbrli:stringItemType,,xbrli:item,duration,,true,true,3
A,繰越利益剰余金,繰越利益剰余金、株主資本等変動計算書、タイトル項目,,,,,,,,Retained earnings brought forward,,,jpfr-t-cte,RetainedEarningsBroughtForwardSSAbstract,xbrli:stringItemType,,xbrli:item,duration,,true,true,4
A,繰越利益剰余金,繰越利益剰余金,"当期首残高[期首]
当期末残高[期末]",,,,,"繰越利益剰余金[標準]
当期首残高[期首]
当中間期末残高[期末]",,Retained earnings brought forward,"Balance at the beginning of current period[期首]
Balance at the end of current period[期末]",,jpfr-t-cte,RetainedEarningsBroughtForward,xbrli:monetaryItemType,,xbrli:item,instant,credit,false,true,5
A,会計方針の変更による累積的影響額,会計方針の変更による累積的影響額、繰越利益剰余金,会計方針の変更による累積的影響額[期首],,,,,,,Cumulative effect of changes in accounting policies,Cumulative effect of changes in accounting policies[期首],,jpfr-t-cte,CumulativeEffectOfChangesInAccountingPoliciesREBF,xbrli:monetaryItemType,,xbrli:item,instant,credit,false,true,5
A,遡及処理後当期首残高,遡及処理後当期首残高、繰越利益剰余金,遡及処理後当期首残高[期首],,,,,,,Retained earnings brought forward as restated,Retained earnings brought forward as restated[期首],,jpfr-t-cte,RetainedEarningsBroughtForwardAsRestated,xbrli:monetaryItemType,,xbrli:item,instant,credit,false,true,5
A,当期変動額,当期変動額、繰越利益剰余金、タイトル項目,,,,,,当中間期変動額[標準],,Changes of items during the period,,,jpfr-t-cte,ChangesOfItemsDuringThePeriodREBFAbstract,xbrli:stringItemType,,xbrli:item,duration,,true,true,5
A,その他利益剰余金,その他利益剰余金,"その他利益剰余金合計[合計]
当期首残高[期首]
当期末残高[期末]",,,,,"その他利益剰余金[標準]
当期首残高[期首]
当中間期末残高[期末]",,Other retained earnings,"Total other retained earnings[合計]
Balance at the beginning of current period[期首]
Balance at the end of current period[期末]",,jpfr-t-cte,OtherRetainedEarnings,xbrli:monetaryItemType,,xbrli:item,instant,credit,false,true,4
B,当期変動額,当期変動額、その他利益剰余金、タイトル項目,,,,,,当中間期変動額[標準],,Changes of items during the period,,,jpfr-t-cte,ChangesOfItemsDuringThePeriodOREAbstract,xbrli:stringItemType,,xbrli:item,duration,,true,true,4
A,利益剰余金合計,利益剰余金合計、株主資本等変動計算書、タイトル項目,利益剰余金合計[合計],,,,,,,Total retained earnings,Total retained earnings[合計],,jpfr-t-cte,TotalRetainedEarningsSSAbstract,xbrli:stringItemType,,xbrli:item,duration,,true,true,3
A,利益剰余金,利益剰余金,"利益剰余金合計[合計]
当期首残高[期首]
当期末残高[期末]",,,,,"利益剰余金[標準]
当期首残高[期首]
当中間期末残高[期末]","利益剰余金[標準]
当期首残高[期首]
当中間期末残高[期末]",Retained earnings,"Total retained earnings[合計]
Balance at the beginning of current period[期首]
Balance at the end of current period[期末]",,jpfr-t-cte,RetainedEarnings,xbrli:monetaryItemType,,xbrli:item,instant,credit,false,true,4
A,会計方針の変更による累積的影響額,会計方針の変更による累積的影響額、利益剰余金,会計方針の変更による累積的影響額[期首],,,,,,,Cumulative effect of changes in accounting policies,Cumulative effect of changes in accounting policies[期首],,jpfr-t-cte,CumulativeEffectOfChangesInAccountingPoliciesRE,xbrli:monetaryItemType,,xbrli:item,instant,credit,false,true,4
A,遡及処理後当期首残高,遡及処理後当期首残高、利益剰余金,遡及処理後当期首残高[期首],,,,,,,Retained earnings as restated,Retained earnings as restated[期首],,jpfr-t-cte,RetainedEarningsAsRestated,xbrli:monetaryItemType,,xbrli:item,instant,credit,false,true,4
A,当期変動額,当期変動額、利益剰余金、タイトル項目,,,,,,当中間期変動額[標準],当中間期変動額[標準],Changes of items during the period,,,jpfr-t-cte,ChangesOfItemsDuringThePeriodREAbstract,xbrli:stringItemType,,xbrli:item,duration,,true,true,4
A,自己株式,自己株式、株主資本等変動計算書、タイトル項目,,,,,,,,Treasury stock,,,jpfr-t-cte,TreasuryStockSSAbstract,xbrli:stringItemType,,xbrli:item,duration,,true,true,2
A,自己株式,自己株式,"当期首残高[期首]
当期末残高[期末]",,,,,"自己株式[標準]
当期首残高[期首]
当中間期末残高[期末]","自己株式[標準]
当期首残高[期首]
当中間期末残高[期末]",Treasury stock,"Balance at the beginning of current period[期首]
Balance at the end of current period[期末]",,jpfr-t-cte,TreasuryStock,xbrli:monetaryItemType,,xbrli:item,instant,credit,false,true,3
A,当期変動額,当期変動額、自己株式、タイトル項目,,,,,,当中間期変動額[標準],当中間期変動額[標準],Changes of items during the period,,,jpfr-t-cte,ChangesOfItemsDuringThePeriodTSAbstract,xbrli:stringItemType,,xbrli:item,duration,,true,true,3
A,株主資本合計,株主資本合計、株主資本等変動計算書、タイトル項目,株主資本合計[合計],,,,,,,Total shareholders' equity,Total shareholders' equity[合計],,jpfr-t-cte,TotalShareholdersEquitySSAbstract,xbrli:stringItemType,,xbrli:item,duration,,true,true,2
A,株主資本,株主資本,"株主資本合計[合計]
当期首残高[期首]
当期末残高[期末]",,,,,"株主資本[標準]
当期首残高[期首]
当中間期末残高[期末]","株主資本[標準]
当期首残高[期首]
当中間期末残高[期末]",Shareholders' equity,"Total shareholders' equity[合計]
Balance at the beginning of current period[期首]
Balance at the end of current period[期末]",,jpfr-t-cte,ShareholdersEquity,xbrli:monetaryItemType,,xbrli:item,instant,credit,false,true,3
A,会計方針の変更による累積的影響額,会計方針の変更による累積的影響額、株主資本,会計方針の変更による累積的影響額[期首],,,,,,,Cumulative effect of changes in accounting policies,Cumulative effect of changes in accounting policies[期首],,jpfr-t-cte,CumulativeEffectOfChangesInAccountingPoliciesSE,xbrli:monetaryItemType,,xbrli:item,instant,credit,false,true,3
A,遡及処理後当期首残高,遡及処理後当期首残高、株主資本,遡及処理後当期首残高[期首],,,,,,,Shareholders equity as restated,Shareholders equity as restated[期首],,jpfr-t-cte,ShareholdersEquityAsRestated,xbrli:monetaryItemType,,xbrli:item,instant,credit,false,true,3
A,当期変動額,当期変動額、株主資本、タイトル項目,,,,,,当中間期変動額[標準],当中間期変動額[標準],Changes of items during the period,,,jpfr-t-cte,ChangesOfItemsDuringThePeriodSEAbstract,xbrli:stringItemType,,xbrli:item,duration,,true,true,3
A,評価・換算差額等,評価・換算差額等、株主資本等変動計算書、タイトル項目,,,その他の包括利益累計額[標準],,その他の包括利益累計額[標準],,その他の包括利益累計額[標準],Valuation and translation adjustments,,,jpfr-t-cte,ValuationAndTranslationAdjustmentsSSAbstract,xbrli:stringItemType,,xbrli:item,duration,,true,true,1
A,その他有価証券評価差額金,その他有価証券評価差額金、株主資本等変動計算書、タイトル項目,,,,,,,,Valuation difference on available-for-sale securities,,,jpfr-t-cte,ValuationDifferenceOnAvailableForSaleSecuritiesSSAbstract,xbrli:stringItemType,,xbrli:item,duration,,true,true,2
A,その他有価証券評価差額金,その他有価証券評価差額金,"当期首残高[期首]
当期末残高[期末]",,,,,"その他有価証券評価差額金[標準]
当期首残高[期首]
当中間期末残高[期末]","その他有価証券評価差額金[標準]
当期首残高[期首]
当中間期末残高[期末]",Valuation difference on available-for-sale securities,"Balance at the beginning of current period[期首]
Balance at the end of current period[期末]",,jpfr-t-cte,ValuationDifferenceOnAvailableForSaleSecurities,xbrli:monetaryItemType,,xbrli:item,instant,credit,false,true,3
A,当期変動額,当期変動額、その他有価証券評価差額金、タイトル項目,,,,,,当中間期変動額[標準],当中間期変動額[標準],Changes of items during the period,,,jpfr-t-cte,ChangesOfItemsDuringThePeriodAFSAbstract,xbrli:stringItemType,,xbrli:item,duration,,true,true,3
A,繰延ヘッジ損益,繰延ヘッジ損益、株主資本等変動計算書、タイトル項目,,,,,,,,Deferred gains or losses on hedges,,,jpfr-t-cte,DeferredGainsOrLossesOnHedgesSSAbstract,xbrli:stringItemType,,xbrli:item,duration,,true,true,2
A,繰延ヘッジ損益,繰延ヘッジ損益,"当期首残高[期首]
当期末残高[期末]",,,,,"繰延ヘッジ損益[標準]
当期首残高[期首]
当中間期末残高[期末]","繰延ヘッジ損益[標準]
当期首残高[期首]
当中間期末残高[期末]",Deferred gains or losses on hedges,"Balance at the beginning of current period[期首]
Balance at the end of current period[期末]",,jpfr-t-cte,DeferredGainsOrLossesOnHedges,xbrli:monetaryItemType,,xbrli:item,instant,credit,false,true,3
A,当期変動額,当期変動額、繰延ヘッジ損益、タイトル項目,,,,,,当中間期変動額[標準],当中間期変動額[標準],Changes of items during the period,,,jpfr-t-cte,ChangesOfItemsDuringThePeriodDeferredGainOrLossOnHedgesAbstract,xbrli:stringItemType,,xbrli:item,duration,,true,true,3
A,土地再評価差額金,土地再評価差額金、株主資本等変動計算書、タイトル項目,,,,,,,,Revaluation reserve for land,,,jpfr-t-cte,RevaluationReserveForLandSSAbstract,xbrli:stringItemType,,xbrli:item,duration,,true,true,2
A,土地再評価差額金,土地再評価差額金,"当期首残高[期首]
当期末残高[期末]",,,,,"土地再評価差額金[標準]
当期首残高[期首]
当中間期末残高[期末]","土地再評価差額金[標準]
当期首残高[期首]
当中間期末残高[期末]",Revaluation reserve for land,"Balance at the beginning of current period[期首]
Balance at the end of current period[期末]",,jpfr-t-cte,RevaluationReserveForLand,xbrli:monetaryItemType,,xbrli:item,instant,credit,false,true,3
A,当期変動額,当期変動額、土地再評価差額金、タイトル項目,,,,,,当中間期変動額[標準],当中間期変動額[標準],Changes of items during the period,,,jpfr-t-cte,ChangesOfItemsDuringThePeriodRevaluationReserveForLandAbstract,xbrli:stringItemType,,xbrli:item,duration,,true,true,3
A,為替換算調整勘定,為替換算調整勘定、株主資本等変動計算書、タイトル項目,,,,,,,,Foreign currency translation adjustment,,,jpfr-t-cte,ForeignCurrencyTranslationAdjustmentSSAbstract,xbrli:stringItemType,,xbrli:item,duration,,true,true,2
A,為替換算調整勘定,為替換算調整勘定,"当期首残高[期首]
当期末残高[期末]",,,,,,"為替換算調整勘定[標準]
当期首残高[期首]
当中間期末残高[期末]",Foreign currency translation adjustment,"Balance at the beginning of current period[期首]
Balance at the end of current period[期末]",,jpfr-t-cte,ForeignCurrencyTranslationAdjustment,xbrli:monetaryItemType,,xbrli:item,instant,credit,false,true,3
A,当期変動額,当期変動額、為替換算調整勘定、タイトル項目,,,,,,,当中間期変動額[標準],Changes of items during the period,,,jpfr-t-cte,ChangesOfItemsDuringThePeriodFTAAbstract,xbrli:stringItemType,,xbrli:item,duration,,true,true,3
A,評価・換算差額等合計,評価・換算差額等合計、株主資本等変動計算書、タイトル項目,評価・換算差額等合計[合計],,"その他の包括利益累計額[標準]
その他の包括利益累計額合計[合計]",,"その他の包括利益累計額[標準]
その他の包括利益累計額合計[合計]",,"その他の包括利益累計額[標準]
その他の包括利益累計額合計[合計]",Total valuation and translation adjustments,Total valuation and translation adjustments[合計],,jpfr-t-cte,TotalValuationAndTranslationAdjustmentsSSAbstract,xbrli:stringItemType,,xbrli:item,duration,,true,true,2
A,評価・換算差額等,評価・換算差額等,"評価・換算差額等合計[合計]
当期首残高[期首]
当期末残高[期末]",,"その他の包括利益累計額[標準]
その他の包括利益累計額合計[合計]",,"その他の包括利益累計額[標準]
その他の包括利益累計額合計[合計]","評価・換算差額等[標準]
当期首残高[期首]
当中間期末残高[期末]","その他の包括利益累計額[標準]
その他の包括利益累計額合計[合計]
当期首残高[期首]
当中間期末残高[期末]",Valuation and translation adjustments,"Total valuation and translation adjustments[合計]
Balance at the beginning of current period[期首]
Balance at the end of current period[期末]",,jpfr-t-cte,ValuationAndTranslationAdjustments,xbrli:monetaryItemType,,xbrli:item,instant,credit,false,true,3
A,当期変動額,当期変動額、評価・換算差額等、タイトル項目,,,,,,当中間期変動額[標準],当中間期変動額[標準],Changes of items during the period,,,jpfr-t-cte,ChangesOfItemsDuringThePeriodVTAAbstract,xbrli:stringItemType,,xbrli:item,duration,,true,true,3
A,新株予約権,新株予約権、株主資本等変動計算書、タイトル項目,,,,,,,,Subscription rights to shares,,,jpfr-t-cte,SubscriptionRightsToSharesSSAbstract,xbrli:stringItemType,,xbrli:item,duration,,true,true,1
A,新株予約権,新株予約権,"当期首残高[期首]
当期末残高[期末]",,,,,"新株予約権[標準]
当期首残高[期首]
当中間期末残高[期末]","新株予約権[標準]
当期首残高[期首]
当中間期末残高[期末]",Subscription rights to shares,"Balance at the beginning of current period[期首]
Balance at the end of current period[期末]",,jpfr-t-cte,SubscriptionRightsToShares,xbrli:monetaryItemType,,xbrli:item,instant,credit,false,true,2
A,当期変動額,当期変動額、新株予約権、タイトル項目,,,,,,当中間期変動額[標準],当中間期変動額[標準],Changes of items during the period,,,jpfr-t-cte,ChangesOfItemsDuringThePeriodSRSAbstract,xbrli:stringItemType,,xbrli:item,duration,,true,true,2
A,少数株主持分,少数株主持分、株主資本等変動計算書、タイトル項目,,,,,,,,Minority interests,,,jpfr-t-cte,MinorityInterestsSSAbstract,xbrli:stringItemType,,xbrli:item,duration,,true,true,1
A,少数株主持分,少数株主持分,"当期首残高[期首]
当期末残高[期末]",,,,,,"少数株主持分[標準]
当期首残高[期首]
当中間期末残高[期末]",Minority interests,"Balance at the beginning of current period[期首]
Balance at the end of current period[期末]",,jpfr-t-cte,MinorityInterests,xbrli:monetaryItemType,,xbrli:item,instant,credit,false,true,2
A,当期変動額,当期変動額、少数株主持分、タイトル項目,,,,,,,当中間期変動額[標準],Changes of items during the period,,,jpfr-t-cte,ChangesOfItemsDuringThePeriodMIAbstract,xbrli:stringItemType,,xbrli:item,duration,,true,true,2
A,純資産,純資産、株主資本等変動計算書、タイトル項目,純資産合計[合計],,,,,,,Net assets,Total net assets[合計],,jpfr-t-cte,NetAssetsSSAbstract,xbrli:stringItemType,,xbrli:item,duration,,true,true,1
A,純資産,純資産,"純資産合計[合計]
当期首残高[期首]
当期末残高[期末]",,,,,"純資産[標準]
当期首残高[期首]
当中間期末残高[期末]","純資産[標準]
当期首残高[期首]
当中間期末残高[期末]",Net assets,"Total net assets[合計]
Balance at the beginning of current period[期首]
Balance at the end of current period[期末]",,jpfr-t-cte,NetAssets,xbrli:monetaryItemType,,xbrli:item,instant,credit,false,true,2
A,会計方針の変更による累積的影響額,会計方針の変更による累積的影響額、純資産,会計方針の変更による累積的影響額[期首],,,,,,,Cumulative effect of changes in accounting policies,Cumulative effect of changes in accounting policies[期首],,jpfr-t-cte,CumulativeEffectOfChangesInAccountingPoliciesNA,xbrli:monetaryItemType,,xbrli:item,instant,credit,false,true,2
A,遡及処理後当期首残高,遡及処理後当期首残高、純資産,遡及処理後当期首残高[期首],,,,,,,Net assets as restated,Net assets as restated[期首],,jpfr-t-cte,NetAssetsAsRestated,xbrli:monetaryItemType,,xbrli:item,instant,credit,false,true,2
A,当期変動額,当期変動額、純資産、タイトル項目,,,,,,当中間期変動額[標準],当中間期変動額[標準],Changes of items during the period,,,jpfr-t-cte,ChangesOfItemsDuringThePeriodNAAbstract,xbrli:stringItemType,,xbrli:item,duration,,true,true,2
,,,,,,,,,,,,,,,,,,,,,,
キャッシュ・フロー計算書（特定金融業）,,,,,,,,,,,,,,,,,,,,,,
科目分類,標準ラベル（日本語）,冗長ラベル（日本語）,用途別ラベル（日本語）,業種ラベル（日本語）,連結,四半期個別,四半期連結,中間個別,中間連結,標準ラベル（英語）,用途別ラベル（英語）,業種ラベル（英語）,名前空間プレフィックス,要素名,type,enumerations,substitutionGroup,periodType,balance,abstract,nillable,depth
-,キャッシュ・フロー計算書,キャッシュ・フロー計算書、タイトル項目,,,連結キャッシュ・フロー計算書[標準],四半期キャッシュ・フロー計算書[標準],四半期連結キャッシュ・フロー計算書[標準],中間キャッシュ・フロー計算書[標準],中間連結キャッシュ・フロー計算書[標準],Statements of cash flows,,,jpfr-t-cte,StatementsOfCashFlowsAbstract,xbrli:stringItemType,,xbrli:item,duration,,true,true,0
A,営業活動によるキャッシュ・フロー,営業活動によるキャッシュ・フロー、タイトル項目,,,,,,,,Net cash provided by (used in) operating activities,,,jpfr-t-cte,NetCashProvidedByUsedInOperatingActivitiesAbstract,xbrli:stringItemType,,xbrli:item,duration,,true,true,1
A,小計,小計、営業活動によるキャッシュ・フロー,小計[合計],,,,,,,Subtotal,Subtotal[合計],,jpfr-t-cte,SubtotalOpeCF,xbrli:monetaryItemType,,xbrli:item,duration,,false,true,2
A,税引前当期純利益,税引前当期純利益,"税引前当期純損失（△）[負値]
税引前当期純利益又は税引前当期純損失（△）[正負]",,"税金等調整前当期純利益[標準]
税金等調整前当期純損失（△）[負値]
税金等調整前当期純利益又は税金等調整前当期純損失（△）[正負]","税引前四半期純利益[標準]
税引前四半期純損失（△）[負値]
税引前四半期純利益又は税引前四半期純損失（△）[正負]","税金等調整前四半期純利益[標準]
税金等調整前四半期純損失（△）[負値]
税金等調整前四半期純利益又は税金等調整前四半期純損失（△）[正負]","税引前中間純利益[標準]
税引前中間純損失（△）[負値]
税引前中間純利益又は税引前中間純損失（△）[正負]","税金等調整前中間純利益[標準]
税金等調整前中間純損失（△）[負値]
税金等調整前中間純利益又は税金等調整前中間純損失（△）[正負]",Income before income taxes,"Loss before income taxes[負値]
Income (loss) before income taxes[正負]",,jpfr-t-cte,IncomeBeforeIncomeTaxes,xbrli:monetaryItemType,,xbrli:item,duration,credit,false,true,3
A,減価償却費,減価償却費、営業活動によるキャッシュ・フロー,,,,,,,,Depreciation and amortization,,,jpfr-t-cte,DepreciationAndAmortizationOpeCF,xbrli:monetaryItemType,,xbrli:item,duration,,false,true,3
A,のれん償却額,のれん償却額、営業活動によるキャッシュ・フロー,,,,,,,,Amortization of goodwill,,,jpfr-t-cte,AmortizationOfGoodwillOpeCF,xbrli:monetaryItemType,,xbrli:item,duration,,false,true,3
A,貸倒引当金の増減額（△は減少）,貸倒引当金の増減額（△は減少）、営業活動によるキャッシュ・フロー,,貸倒引当金の増減額[標準|業],,,,,,Increase (decrease) in allowance for doubtful accounts,,Increase (decrease) in allowance for doubtful accounts[標準|業],jpfr-t-cte,IncreaseDecreaseInAllowanceForDoubtfulAccountsOpeCF,xbrli:monetaryItemType,,xbrli:item,duration,,false,true,3
A,賞与引当金の増減額（△は減少）,賞与引当金の増減額（△は減少）、営業活動によるキャッシュ・フロー,,賞与引当金の増減額[標準|業],,,,,,Increase (decrease) in provision for bonuses,,Increase (decrease) in provision for bonuses[標準|業],jpfr-t-cte,IncreaseDecreaseInProvisionForBonusesOpeCF,xbrli:monetaryItemType,,xbrli:item,duration,,false,true,3
A,退職給付引当金の増減額（△は減少）,退職給付引当金の増減額（△は減少）、営業活動によるキャッシュ・フロー,,退職給付引当金の増減額[標準|業],,,,,,Increase (decrease) in provision for retirement benefits,,Increase (decrease) in provision for retirement benefits[標準|業],jpfr-t-cte,IncreaseDecreaseInProvisionForRetirementBenefitsOpeCF,xbrli:monetaryItemType,,xbrli:item,duration,,false,true,3
A,役員退職慰労引当金の増減額（△は減少）,役員退職慰労引当金の増減額（△は減少）、営業活動によるキャッシュ・フロー,,役員退職慰労引当金の増減額[標準|業],,,,,,Increase (decrease) in provision for directors' retirement benefits,,Decrease (increase) in provision for directors' retirement benefits[標準|業],jpfr-t-cte,IncreaseDecreaseInProvisionForDirectorsRetirementBenefitsOpeCF,xbrli:monetaryItemType,,xbrli:item,duration,,false,true,3
B,利息返還損失引当金の増減額（△は減少）,利息返還損失引当金の増減額（△は減少）、営業活動によるキャッシュ・フロー、特定金融業,,,,,,,,Increase (decrease) in provision for loss on interest repayment,,,jpfr-t-spf,IncreaseDecreaseInProvisionForLossOnInterestRepaymentOpeCFSPF,xbrli:monetaryItemType,,xbrli:item,duration,,false,true,3
B,貸倒償却額,貸倒償却額、営業活動によるキャッシュ・フロー、特定金融業,,,,,,,,Bad debts written off,,,jpfr-t-spf,BadDebtsWrittenOffOpeCFSPF,xbrli:monetaryItemType,,xbrli:item,duration,,false,true,3
A,受取利息及び受取配当金,受取利息及び受取配当金、営業活動によるキャッシュ・フロー,,受取利息及び配当金[標準|業],,,,,,Interest and dividends income,,Interest and dividends income[標準|業],jpfr-t-cte,InterestAndDividendsIncomeOpeCF,xbrli:monetaryItemType,,xbrli:item,duration,,false,true,3
A,有価証券売却損益（△は益）,有価証券売却損益（△は益）、営業活動によるキャッシュ・フロー,,有価証券売却損益[標準|業],,,,,,Loss (gain) on sales of securities,,Loss (gain) on sales of marketable securities[標準|業],jpfr-t-cte,LossGainOnSalesOfSecuritiesOpeCF,xbrli:monetaryItemType,,xbrli:item,duration,,false,true,3
A,支払利息,支払利息、営業活動によるキャッシュ・フロー,,,,,,,,Interest expenses,,,jpfr-t-cte,InterestExpensesOpeCF,xbrli:monetaryItemType,,xbrli:item,duration,,false,true,3
A,持分法による投資損益（△は益）,持分法による投資損益（△は益）、営業活動によるキャッシュ・フロー,,持分法による投資損益[標準|業],,,,,,Equity in (earnings) losses of affiliates,,Equity in (earnings) losses of affiliates[標準|業],jpfr-t-cte,EquityInEarningsLossesOfAffiliatesOpeCF,xbrli:monetaryItemType,,xbrli:item,duration,,false,true,3
A,社債発行費償却,社債発行費償却、営業活動によるキャッシュ・フロー,,,,,,,,Amortization of bond issuance cost,,,jpfr-t-cte,AmortizationOfBondIssuanceCostOpeCF,xbrli:monetaryItemType,,xbrli:item,duration,,false,true,3
A,有価証券評価損益（△は益）,有価証券評価損益（△は益）、営業活動によるキャッシュ・フロー,,,,,,,,Loss (gain) on valuation of securities,,,jpfr-t-cte,LossGainOnValuationOfSecuritiesOpeCF,xbrli:monetaryItemType,,xbrli:item,duration,,false,true,3
A,為替差損益（△は益）,為替差損益（△は益）、営業活動によるキャッシュ・フロー,,為替差損益[標準|業],,,,,,Foreign exchange losses (gains),,Foreign exchange (gains) losses[標準|業],jpfr-t-cte,ForeignExchangeLossesGainsOpeCF,xbrli:monetaryItemType,,xbrli:item,duration,,false,true,3
A,有形固定資産売却損益（△は益）,有形固定資産売却損益（△は益）、営業活動によるキャッシュ・フロー,,有形固定資産売却損益[標準|業],,,,,,"Loss (gain) on sales of property, plant and equipment",,"Loss (gain) on disposal of property, plant and equipment[標準|業]",jpfr-t-cte,LossGainOnSalesOfPropertyPlantAndEquipmentOpeCF,xbrli:monetaryItemType,,xbrli:item,duration,,false,true,3
A,売上債権の増減額（△は増加）,売上債権の増減額（△は増加）、営業活動によるキャッシュ・フロー,,売上債権の増減額[標準|業],,,,,,Decrease (increase) in notes and accounts receivable-trade,,Decrease (increase) in notes and accounts receivable-trade[標準|業],jpfr-t-cte,DecreaseIncreaseInNotesAndAccountsReceivableTradeOpeCF,xbrli:monetaryItemType,,xbrli:item,duration,,false,true,3
A,営業貸付金の増減額（△は増加）,営業貸付金の増減額（△は増加）、営業活動によるキャッシュ・フロー、特定金融業,,,,,,,,Decrease (increase) in operating loans,,,jpfr-t-spf,DecreaseIncreaseInOperatingLoansOpeCFSPF,xbrli:monetaryItemType,,xbrli:item,duration,,false,true,3
A,たな卸資産の増減額（△は増加）,たな卸資産の増減額（△は増加）、営業活動によるキャッシュ・フロー,,たな卸資産の増減額[標準|業],,,,,,Decrease (increase) in inventories,,Decrease (increase) in inventories[標準|業],jpfr-t-cte,DecreaseIncreaseInInventoriesOpeCF,xbrli:monetaryItemType,,xbrli:item,duration,,false,true,3
A,その他の流動資産の増減額（△は増加）,その他の流動資産の増減額（△は増加）、営業活動によるキャッシュ・フロー,,その他の流動資産の増減額[標準|業],,,,,,Decrease (increase) in other current assets,,Decrease (increase) in other current assets[標準|業],jpfr-t-cte,DecreaseIncreaseInOtherCurrentAssetsOpeCF,xbrli:monetaryItemType,,xbrli:item,duration,,false,true,3
A,仕入債務の増減額（△は減少）,仕入債務の増減額（△は減少）、営業活動によるキャッシュ・フロー,,仕入債務の増減額[標準|業],,,,,,Increase (decrease) in notes and accounts payable-trade,,Increase (decrease) in notes and accounts payable-trade[標準|業],jpfr-t-cte,IncreaseDecreaseInNotesAndAccountsPayableTradeOpeCF,xbrli:monetaryItemType,,xbrli:item,duration,,false,true,3
A,その他の流動負債の増減額（△は減少）,その他の流動負債の増減額（△は減少）、営業活動によるキャッシュ・フロー,,その他の流動負債の増減額[標準|業],,,,,,Increase (decrease) in other current liabilities,,Increase (decrease) in other current liabilities[標準|業],jpfr-t-cte,IncreaseDecreaseInOtherCurrentLiabilitiesOpeCF,xbrli:monetaryItemType,,xbrli:item,duration,,false,true,3
A,その他の営業活動による増減額（△は減少）,その他の営業活動による増減額（△は減少）、営業活動によるキャッシュ・フロー、特定金融業,,,,,,,,Increase (decrease) by other operating activities,,,jpfr-t-spf,IncreaseDecreaseByOtherOperatingActivitiesOpeCFSPF,xbrli:monetaryItemType,,xbrli:item,duration,,false,true,3
A,利息及び配当金の受取額,利息及び配当金の受取額、営業活動によるキャッシュ・フロー又は投資活動によるキャッシュ・フロー,,,,,,,,Interest and dividends income received,,,jpfr-t-cte,InterestAndDividendsIncomeReceivedOpeCFInvCF,xbrli:monetaryItemType,,xbrli:item,duration,,false,true,2
A,利息の支払額,利息の支払額、営業活動によるキャッシュ・フロー又は財務活動によるキャッシュ・フロー,,,,,,,,Interest expenses paid,,,jpfr-t-cte,InterestExpensesPaidOpeCFFinCF,xbrli:monetaryItemType,,xbrli:item,duration,,false,true,2
A,法人税等の支払額,法人税等の支払額、営業活動によるキャッシュ・フロー,,法人税等の支払額[標準|業],,,,,,Income taxes paid,,Income tax paid[標準|業],jpfr-t-cte,IncomeTaxesPaidOpeCF,xbrli:monetaryItemType,,xbrli:item,duration,,false,true,2
A,営業活動によるキャッシュ・フロー,営業活動によるキャッシュ・フロー,営業活動によるキャッシュ・フロー[合計],,,,,,,Net cash provided by (used in) operating activities,Net cash provided by (used in) operating activities[合計],,jpfr-t-cte,NetCashProvidedByUsedInOperatingActivities,xbrli:monetaryItemType,,xbrli:item,duration,,false,true,2
A,投資活動によるキャッシュ・フロー,投資活動によるキャッシュ・フロー、タイトル項目,,,,,,,,Net cash provided by (used in) investing activities,,,jpfr-t-cte,NetCashProvidedByUsedInInvestmentActivitiesAbstract,xbrli:stringItemType,,xbrli:item,duration,,true,true,1
A,定期預金の預入による支出,定期預金の預入による支出、投資活動によるキャッシュ・フロー,,定期性預金の預入による支出[標準|業],,,,,,Payments into time deposits,,Payments into time deposits[標準|業],jpfr-t-cte,PaymentsIntoTimeDepositsInvCF,xbrli:monetaryItemType,,xbrli:item,duration,,false,true,2
A,定期預金の払戻による収入,定期預金の払戻による収入、投資活動によるキャッシュ・フロー,,定期性預金の払戻による収入[標準|業],,,,,,Proceeds from withdrawal of time deposits,,Proceeds from withdrawal of time deposits[標準|業],jpfr-t-cte,ProceedsFromWithdrawalOfTimeDepositsInvCF,xbrli:monetaryItemType,,xbrli:item,duration,,false,true,2
A,有価証券の取得による支出,有価証券の取得による支出、投資活動によるキャッシュ・フロー,,,,,,,,Purchase of securities,,,jpfr-t-cte,PurchaseOfShortTermInvestmentSecuritiesInvCF,xbrli:monetaryItemType,,xbrli:item,duration,,false,true,2
A,有価証券の売却による収入,有価証券の売却による収入、投資活動によるキャッシュ・フロー,,,,,,,,Proceeds from sales of securities,,,jpfr-t-cte,ProceedsFromSalesOfShortTermInvestmentSecuritiesInvCF,xbrli:monetaryItemType,,xbrli:item,duration,,false,true,2
A,有形固定資産の取得による支出,有形固定資産の取得による支出、投資活動によるキャッシュ・フロー,,,,,,,,"Purchase of property, plant and equipment",,,jpfr-t-cte,PurchaseOfPropertyPlantAndEquipmentInvCF,xbrli:monetaryItemType,,xbrli:item,duration,,false,true,2
A,有形固定資産の売却による収入,有形固定資産の売却による収入、投資活動によるキャッシュ・フロー,,,,,,,,"Proceeds from sales of property, plant and equipment",,,jpfr-t-cte,ProceedsFromSalesOfPropertyPlantAndEquipmentInvCF,xbrli:monetaryItemType,,xbrli:item,duration,,false,true,2
A,投資有価証券の取得による支出,投資有価証券の取得による支出、投資活動によるキャッシュ・フロー,,,,,,,,Purchase of investment securities,,,jpfr-t-cte,PurchaseOfInvestmentSecuritiesInvCF,xbrli:monetaryItemType,,xbrli:item,duration,,false,true,2
A,投資有価証券の売却による収入,投資有価証券の売却による収入、投資活動によるキャッシュ・フロー,,,,,,,,Proceeds from sales of investment securities,,,jpfr-t-cte,ProceedsFromSalesOfInvestmentSecuritiesInvCF,xbrli:monetaryItemType,,xbrli:item,duration,,false,true,2
A,その他の投資活動による増減額（△は減少）,その他の投資活動による増減額（△は減少）、投資活動によるキャッシュ・フロー、特定金融業,,,,,,,,Increase (decrease) by other investing activities,,,jpfr-t-spf,IncreaseDecreaseByOtherInvestmentActivitiesInvCFSPF,xbrli:monetaryItemType,,xbrli:item,duration,,false,true,2
A,投資活動によるキャッシュ・フロー,投資活動によるキャッシュ・フロー,投資活動によるキャッシュ・フロー[合計],,,,,,,Net cash provided by (used in) investing activities,Net cash provided by (used in) investing activities[合計],,jpfr-t-cte,NetCashProvidedByUsedInInvestmentActivities,xbrli:monetaryItemType,,xbrli:item,duration,,false,true,2
A,財務活動によるキャッシュ・フロー,財務活動によるキャッシュ・フロー、タイトル項目,,,,,,,,Net cash provided by (used in) financing activities,,,jpfr-t-cte,NetCashProvidedByUsedInFinancingActivitiesAbstract,xbrli:stringItemType,,xbrli:item,duration,,true,true,1
A,短期借入れによる収入,短期借入れによる収入、財務活動によるキャッシュ・フロー,,,,,,,,Increase in short-term loans payable,,,jpfr-t-cte,IncreaseInShortTermLoansPayableFinCF,xbrli:monetaryItemType,,xbrli:item,duration,,false,true,2
A,短期借入金の返済による支出,短期借入金の返済による支出、財務活動によるキャッシュ・フロー,,,,,,,,Decrease in short-term loans payable,,,jpfr-t-cte,DecreaseInShortTermLoansPayableFinCF,xbrli:monetaryItemType,,xbrli:item,duration,,false,true,2
A,社債の発行による収入,社債の発行による収入、財務活動によるキャッシュ・フロー,,,,,,,,Proceeds from issuance of bonds,,,jpfr-t-cte,ProceedsFromIssuanceOfBondsFinCF,xbrli:monetaryItemType,,xbrli:item,duration,,false,true,2
A,社債の償還による支出,社債の償還による支出、財務活動によるキャッシュ・フロー,,,,,,,,Redemption of bonds,,,jpfr-t-cte,RedemptionOfBondsFinCF,xbrli:monetaryItemType,,xbrli:item,duration,,false,true,2
A,長期借入れによる収入,長期借入れによる収入、財務活動によるキャッシュ・フロー,,,,,,,,Proceeds from long-term loans payable,,,jpfr-t-cte,ProceedsFromLongTermLoansPayableFinCF,xbrli:monetaryItemType,,xbrli:item,duration,,false,true,2
A,長期借入金の返済による支出,長期借入金の返済による支出、財務活動によるキャッシュ・フロー,,,,,,,,Repayment of long-term loans payable,,,jpfr-t-cte,RepaymentOfLongTermLoansPayableFinCF,xbrli:monetaryItemType,,xbrli:item,duration,,false,true,2
A,自己株式の売却による収入,自己株式の売却による収入、財務活動によるキャッシュ・フロー,,,,,,,,Proceeds from sales of treasury stock,,,jpfr-t-cte,ProceedsFromSalesOfTreasuryStockFinCF,xbrli:monetaryItemType,,xbrli:item,duration,,false,true,2
A,配当金の支払額,配当金の支払額、財務活動によるキャッシュ・フロー,,,,,,,,Cash dividends paid,,,jpfr-t-cte,CashDividendsPaidFinCF,xbrli:monetaryItemType,,xbrli:item,duration,,false,true,2
A,財務活動によるキャッシュ・フロー,財務活動によるキャッシュ・フロー,財務活動によるキャッシュ・フロー[合計],,,,,,,Net cash provided by (used in) financing activities,Net cash provided by (used in) financing activities[合計],,jpfr-t-cte,NetCashProvidedByUsedInFinancingActivities,xbrli:monetaryItemType,,xbrli:item,duration,,false,true,2
A,現金及び現金同等物に係る換算差額,現金及び現金同等物に係る換算差額,,,,,,,,Effect of exchange rate change on cash and cash equivalents,,,jpfr-t-cte,EffectOfExchangeRateChangeOnCashAndCashEquivalents,xbrli:monetaryItemType,,xbrli:item,duration,,false,true,1
A,現金及び現金同等物の増減額（△は減少）,現金及び現金同等物の増減額（△は減少）,現金及び現金同等物の増減額（△は減少）[合計],,,,,,,Net increase (decrease) in cash and cash equivalents,Net increase (decrease) in cash and cash equivalents[合計],,jpfr-t-cte,NetIncreaseDecreaseInCashAndCashEquivalents,xbrli:monetaryItemType,,xbrli:item,duration,,false,true,1
A,現金及び現金同等物の残高,現金及び現金同等物の残高,"現金及び現金同等物の期首残高[期首]
現金及び現金同等物の期末残高[期末]",,,"現金及び現金同等物の残高[標準]
現金及び現金同等物の期首残高[期首]
現金及び現金同等物の四半期末残高[期末]","現金及び現金同等物の残高[標準]
現金及び現金同等物の期首残高[期首]
現金及び現金同等物の四半期末残高[期末]","現金及び現金同等物の残高[標準]
現金及び現金同等物の期首残高[期首]
現金及び現金同等物の中間期末残高[期末]","現金及び現金同等物の残高[標準]
現金及び現金同等物の期首残高[期首]
現金及び現金同等物の中間期末残高[期末]",Cash and cash equivalents,"Cash and cash equivalents at beginning of period[期首]
Cash and cash equivalents at end of period[期末]",,jpfr-t-cte,CashAndCashEquivalents,xbrli:monetaryItemType,,xbrli:item,instant,,false,true,1
